FAPS/electricMotor/L2/Top/L2_MS_4/DSC_6057.JPG,8,Top,L2
FAPS/electricMotor/L2/Top/L2_MS_2I/DSC_5928.JPG,5,Top,L2
FAPS/electricMotor/L2/Top/L2_NS_4/DSC_6075.JPG,13,Top,L2
FAPS/electricMotor/L2/Top/L2_NS_2X/DSC_6141.JPG,11,Top,L2
FAPS/electricMotor/L2/Top/L2_MC_U/DSC_5335.JPG,3,Top,L2
FAPS/electricMotor/L2/Top/L2_MC_O/DSC_5389.JPG,2,Top,L2
FAPS/electricMotor/L2/Side/L2_MS_4/DSC_4838.JPG,8,Side,L2
FAPS/electricMotor/L2/Side/L2_MS_2I/DSC_4739.JPG,5,Side,L2
FAPS/electricMotor/L2/Side/L2_NS_4/DSC_4478.JPG,13,Side,L2
FAPS/electricMotor/L2/Side/L2_C/DSC_4639.JPG,0,Side,L2
FAPS/electricMotor/L2/Side/L2_MS_3/DSC_4801.JPG,7,Side,L2
FAPS/electricMotor/L2/Side/L2_NS_1/DSC_4625.JPG,9,Side,L2
FAPS/electricMotor/L2/Side/L2_NS_2X/DSC_4533.JPG,11,Side,L2
FAPS/electricMotor/L2/Side/L2_NS_2I/DSC_4564.JPG,10,Side,L2
FAPS/electricMotor/L2/Side/L2_NS_3/DSC_4514.JPG,12,Side,L2
FAPS/electricMotor/L2/Side/L2_MS_1/DSC_4675.JPG,4,Side,L2
FAPS/electricMotor/L2/Side/L2_MS_2X/DSC_4766.JPG,6,Side,L2
FAPS/electricMotor/L2/Side/L2_MC_U/DSC_4919.JPG,3,Side,L2
FAPS/electricMotor/L2/Side/L2_MC_O/DSC_4861.JPG,2,Side,L2
FAPS/electricMotor/M2/Top/M2_MS_3/DSC_5511.JPG,7,Top,M2
FAPS/electricMotor/M2/Top/M2_NS_2X/DSC_5653.JPG,11,Top,M2
FAPS/electricMotor/M2/Top/M2_MS_1/DSC_5240.JPG,4,Top,M2
FAPS/electricMotor/M2/Top/M2_MS_2I/DSC_5434.JPG,5,Top,M2
FAPS/electricMotor/M2/Top/M2_MC_U/DSC_5813.JPG,3,Top,M2
FAPS/electricMotor/M2/Top/M2_MC_2/DSC_5875.JPG,1,Top,M2
FAPS/electricMotor/M2/Top/M2_MS_4/DSC_5544.JPG,8,Top,M2
FAPS/electricMotor/M2/Top/M2_C/DSC_5275.JPG,0,Top,M2
FAPS/electricMotor/M2/Top/M2_C/DSC_5249.JPG,0,Top,M2
FAPS/electricMotor/M2/Top/M2_NS_1/DSC_5754.JPG,9,Top,M2
FAPS/electricMotor/M2/Top/M2_MS_2X/DSC_5494.JPG,6,Top,M2
FAPS/electricMotor/M2/Top/M2_NS_3/DSC_5626.JPG,12,Top,M2
FAPS/electricMotor/M2/Top/M2_MC_O/DSC_5784.JPG,2,Top,M2
FAPS/electricMotor/M2/Top/M2_NS_4/DSC_5592.JPG,13,Top,M2
FAPS/electricMotor/M2/Side/M2_MS_3/DSC_5068.JPG,7,Side,M2
FAPS/electricMotor/M2/Side/M2_NS_2X/DSC_4252.JPG,11,Side,M2
FAPS/electricMotor/M2/Side/M2_MS_1/DSC_5200.JPG,4,Side,M2
FAPS/electricMotor/M2/Side/M2_MS_2I/DSC_5104.JPG,5,Side,M2
FAPS/electricMotor/M2/Side/M2_NS_2I/DSC_4282.JPG,10,Side,M2
FAPS/electricMotor/M2/Side/M2_MC_U/DSC_4390.JPG,3,Side,M2
FAPS/electricMotor/M2/Side/M2_MC_2/DSC_4356.JPG,1,Side,M2
FAPS/electricMotor/M2/Side/M2_MS_4/DSC_5017.JPG,8,Side,M2
FAPS/electricMotor/M2/Side/M2_C/DSC_4983.JPG,0,Side,M2
FAPS/electricMotor/M2/Side/M2_NS_1/DSC_4327.JPG,9,Side,M2
FAPS/electricMotor/M2/Side/M2_MS_2X/DSC_5159.JPG,6,Side,M2
FAPS/electricMotor/M2/Side/M2_NS_3/DSC_4202.JPG,12,Side,M2
FAPS/electricMotor/M2/Side/M2_MC_O/DSC_4423.JPG,2,Side,M2
FAPS/electricMotor/M2/Side/M2_NS_4/DSC_4156.JPG,13,Side,M2
FAPS/electricMotor/M2/Top/M2_MS_1/DSC_5230.JPG,4,Top,M2
FAPS/electricMotor/M2/Top/M2_MS_1/DSC_5224.JPG,4,Top,M2
FAPS/electricMotor/L2/Side/L2_NS_3/DSC_4487.JPG,12,Side,L2
FAPS/electricMotor/L2/Top/L2_NS_1/DSC_6214.JPG,9,Top,L2
FAPS/electricMotor/L2/Side/L2_NS_1/DSC_4619.JPG,9,Side,L2
