view1,view2,label,motor
/home/vault/iwfa/iwfa018h/FAPS/electricMotor/L2/Side/L2_MC_O/DSC_4861.JPG,/home/vault/iwfa/iwfa018h/FAPS/electricMotor/L2/Top/L2_MC_O/DSC_5367.JPG,2,L2
/home/vault/iwfa/iwfa018h/FAPS/electricMotor/L2/Side/L2_NS_4/DSC_4476.JPG,/home/vault/iwfa/iwfa018h/FAPS/electricMotor/L2/Top/L2_NS_4/DSC_6095.JPG,13,L2
/home/vault/iwfa/iwfa018h/FAPS/electricMotor/L2/Side/L2_MS_1/DSC_4679.JPG,/home/vault/iwfa/iwfa018h/FAPS/electricMotor/L2/Top/L2_MS_1/DSC_5902.JPG,4,L2
/home/vault/iwfa/iwfa018h/FAPS/electricMotor/M2/Side/M2_MC_O/DSC_4421.JPG,/home/vault/iwfa/iwfa018h/FAPS/electricMotor/M2/Top/M2_MC_O/DSC_5793.JPG,2,M2
/home/vault/iwfa/iwfa018h/FAPS/electricMotor/L2/Side/L2_MC_O/DSC_4886.JPG,/home/vault/iwfa/iwfa018h/FAPS/electricMotor/L2/Top/L2_MC_O/DSC_5388.JPG,2,L2
/home/vault/iwfa/iwfa018h/FAPS/electricMotor/L2/Side/L2_NS_4/DSC_4469.JPG,/home/vault/iwfa/iwfa018h/FAPS/electricMotor/L2/Top/L2_NS_4/DSC_6092.JPG,13,L2
/home/vault/iwfa/iwfa018h/FAPS/electricMotor/L2/Side/L2_MS_2I/DSC_4738.JPG,/home/vault/iwfa/iwfa018h/FAPS/electricMotor/L2/Top/L2_MS_2I/DSC_5944.JPG,5,L2
/home/vault/iwfa/iwfa018h/FAPS/electricMotor/M2/Side/M2_NS_3/DSC_4193.JPG,/home/vault/iwfa/iwfa018h/FAPS/electricMotor/M2/Top/M2_NS_3/DSC_5648.JPG,12,M2
/home/vault/iwfa/iwfa018h/FAPS/electricMotor/L2/Side/L2_MC_O/DSC_4880.JPG,/home/vault/iwfa/iwfa018h/FAPS/electricMotor/L2/Top/L2_MC_O/DSC_5382.JPG,2,L2
/home/vault/iwfa/iwfa018h/FAPS/electricMotor/M2/Side/M2_NS_4/DSC_4157.JPG,/home/vault/iwfa/iwfa018h/FAPS/electricMotor/M2/Top/M2_NS_4/DSC_5593.JPG,13,M2
/home/vault/iwfa/iwfa018h/FAPS/electricMotor/L2/Side/L2_NS_4/DSC_4482.JPG,/home/vault/iwfa/iwfa018h/FAPS/electricMotor/L2/Top/L2_NS_4/DSC_6065.JPG,13,L2
/home/vault/iwfa/iwfa018h/FAPS/electricMotor/L2/Side/L2_NS_2X/DSC_4553.JPG,/home/vault/iwfa/iwfa018h/FAPS/electricMotor/L2/Top/L2_NS_2X/DSC_6155.JPG,11,L2
/home/vault/iwfa/iwfa018h/FAPS/electricMotor/L2/Side/L2_NS_2X/DSC_4524.JPG,/home/vault/iwfa/iwfa018h/FAPS/electricMotor/L2/Top/L2_NS_2X/DSC_6146.JPG,11,L2
/home/vault/iwfa/iwfa018h/FAPS/electricMotor/M2/Side/M2_MS_4/DSC_5023.JPG,/home/vault/iwfa/iwfa018h/FAPS/electricMotor/M2/Top/M2_MS_4/DSC_5569.JPG,8,M2
/home/vault/iwfa/iwfa018h/FAPS/electricMotor/M2/Side/M2_NS_4/DSC_4160.JPG,/home/vault/iwfa/iwfa018h/FAPS/electricMotor/M2/Top/M2_NS_4/DSC_5584.JPG,13,M2
/home/vault/iwfa/iwfa018h/FAPS/electricMotor/L2/Side/L2_NS_2I/DSC_4586.JPG,/home/vault/iwfa/iwfa018h/FAPS/electricMotor/L2/Top/L2_NS_2I/DSC_6182.JPG,10,L2
/home/vault/iwfa/iwfa018h/FAPS/electricMotor/M2/Side/M2_NS_4/DSC_4171.JPG,/home/vault/iwfa/iwfa018h/FAPS/electricMotor/M2/Top/M2_NS_4/DSC_5579.JPG,13,M2
/home/vault/iwfa/iwfa018h/FAPS/electricMotor/L2/Side/L2_MS_4/DSC_4842.JPG,/home/vault/iwfa/iwfa018h/FAPS/electricMotor/L2/Top/L2_MS_4/DSC_6026.JPG,8,L2
/home/vault/iwfa/iwfa018h/FAPS/electricMotor/M2/Side/M2_NS_2I/DSC_4282.JPG,/home/vault/iwfa/iwfa018h/FAPS/electricMotor/M2/Top/M2_NS_2I/DSC_5708.JPG,10,M2
/home/vault/iwfa/iwfa018h/FAPS/electricMotor/L2/Side/L2_MC_2/DSC_4962.JPG,/home/vault/iwfa/iwfa018h/FAPS/electricMotor/L2/Top/L2_MC_2/DSC_5282.JPG,1,L2
/home/vault/iwfa/iwfa018h/FAPS/electricMotor/L2/Side/L2_C/DSC_4649.JPG,/home/vault/iwfa/iwfa018h/FAPS/electricMotor/L2/Top/L2_C/DSC_5417.JPG,0,L2
/home/vault/iwfa/iwfa018h/FAPS/electricMotor/L2/Side/L2_NS_3/DSC_4514.JPG,/home/vault/iwfa/iwfa018h/FAPS/electricMotor/L2/Top/L2_NS_3/DSC_6103.JPG,12,L2
/home/vault/iwfa/iwfa018h/FAPS/electricMotor/M2/Side/M2_MS_3/DSC_5063.JPG,/home/vault/iwfa/iwfa018h/FAPS/electricMotor/M2/Top/M2_MS_3/DSC_5510.JPG,7,M2
/home/vault/iwfa/iwfa018h/FAPS/electricMotor/M2/Side/M2_NS_1/DSC_4331.JPG,/home/vault/iwfa/iwfa018h/FAPS/electricMotor/M2/Top/M2_NS_1/DSC_5730.JPG,9,M2
/home/vault/iwfa/iwfa018h/FAPS/electricMotor/M2/Side/M2_MC_O/DSC_4443.JPG,/home/vault/iwfa/iwfa018h/FAPS/electricMotor/M2/Top/M2_MC_O/DSC_5796.JPG,2,M2
/home/vault/iwfa/iwfa018h/FAPS/electricMotor/L2/Side/L2_NS_1/DSC_4631.JPG,/home/vault/iwfa/iwfa018h/FAPS/electricMotor/L2/Top/L2_NS_1/DSC_6213.JPG,9,L2
/home/vault/iwfa/iwfa018h/FAPS/electricMotor/L2/Side/L2_MC_O/DSC_4887.JPG,/home/vault/iwfa/iwfa018h/FAPS/electricMotor/L2/Top/L2_MC_O/DSC_5389.JPG,2,L2
/home/vault/iwfa/iwfa018h/FAPS/electricMotor/L2/Side/L2_MS_2X/DSC_4773.JPG,/home/vault/iwfa/iwfa018h/FAPS/electricMotor/L2/Top/L2_MS_2X/DSC_5970.JPG,6,L2
/home/vault/iwfa/iwfa018h/FAPS/electricMotor/M2/Side/M2_MC_U/DSC_4401.JPG,/home/vault/iwfa/iwfa018h/FAPS/electricMotor/M2/Top/M2_MC_U/DSC_5806.JPG,3,M2
/home/vault/iwfa/iwfa018h/FAPS/electricMotor/M2/Side/M2_MC_2/DSC_4338.JPG,/home/vault/iwfa/iwfa018h/FAPS/electricMotor/M2/Top/M2_MC_2/DSC_5856.JPG,1,M2
/home/vault/iwfa/iwfa018h/FAPS/electricMotor/L2/Side/L2_C/DSC_4657.JPG,/home/vault/iwfa/iwfa018h/FAPS/electricMotor/L2/Top/L2_C/DSC_5408.JPG,0,L2
/home/vault/iwfa/iwfa018h/FAPS/electricMotor/M2/Side/M2_MS_1/DSC_5180.JPG,/home/vault/iwfa/iwfa018h/FAPS/electricMotor/M2/Top/M2_MS_1/DSC_5220.JPG,4,M2
/home/vault/iwfa/iwfa018h/FAPS/electricMotor/L2/Side/L2_NS_1/DSC_4615.JPG,/home/vault/iwfa/iwfa018h/FAPS/electricMotor/L2/Top/L2_NS_1/DSC_6212.JPG,9,L2
/home/vault/iwfa/iwfa018h/FAPS/electricMotor/M2/Side/M2_MS_4/DSC_5020.JPG,/home/vault/iwfa/iwfa018h/FAPS/electricMotor/M2/Top/M2_MS_4/DSC_5555.JPG,8,M2
/home/vault/iwfa/iwfa018h/FAPS/electricMotor/M2/Side/M2_C/DSC_4989.JPG,/home/vault/iwfa/iwfa018h/FAPS/electricMotor/M2/Top/M2_C/DSC_5250.JPG,0,M2
/home/vault/iwfa/iwfa018h/FAPS/electricMotor/M2/Side/M2_MC_O/DSC_4431.JPG,/home/vault/iwfa/iwfa018h/FAPS/electricMotor/M2/Top/M2_MC_O/DSC_5767.JPG,2,M2
/home/vault/iwfa/iwfa018h/FAPS/electricMotor/M2/Side/M2_MS_3/DSC_5053.JPG,/home/vault/iwfa/iwfa018h/FAPS/electricMotor/M2/Top/M2_MS_3/DSC_5526.JPG,7,M2
/home/vault/iwfa/iwfa018h/FAPS/electricMotor/M2/Side/M2_MS_4/DSC_5017.JPG,/home/vault/iwfa/iwfa018h/FAPS/electricMotor/M2/Top/M2_MS_4/DSC_5577.JPG,8,M2
/home/vault/iwfa/iwfa018h/FAPS/electricMotor/M2/Side/M2_NS_4/DSC_4141.JPG,/home/vault/iwfa/iwfa018h/FAPS/electricMotor/M2/Top/M2_NS_4/DSC_5610.JPG,13,M2
/home/vault/iwfa/iwfa018h/FAPS/electricMotor/M2/Side/M2_MS_4/DSC_5044.JPG,/home/vault/iwfa/iwfa018h/FAPS/electricMotor/M2/Top/M2_MS_4/DSC_5549.JPG,8,M2
/home/vault/iwfa/iwfa018h/FAPS/electricMotor/L2/Side/L2_NS_1/DSC_4609.JPG,/home/vault/iwfa/iwfa018h/FAPS/electricMotor/L2/Top/L2_NS_1/DSC_6238.JPG,9,L2
/home/vault/iwfa/iwfa018h/FAPS/electricMotor/M2/Side/M2_NS_2X/DSC_4233.JPG,/home/vault/iwfa/iwfa018h/FAPS/electricMotor/M2/Top/M2_NS_2X/DSC_5674.JPG,11,M2
/home/vault/iwfa/iwfa018h/FAPS/electricMotor/L2/Side/L2_C/DSC_4661.JPG,/home/vault/iwfa/iwfa018h/FAPS/electricMotor/L2/Top/L2_C/DSC_5416.JPG,0,L2
/home/vault/iwfa/iwfa018h/FAPS/electricMotor/L2/Side/L2_MS_3/DSC_4809.JPG,/home/vault/iwfa/iwfa018h/FAPS/electricMotor/L2/Top/L2_MS_3/DSC_6006.JPG,7,L2
/home/vault/iwfa/iwfa018h/FAPS/electricMotor/M2/Side/M2_MS_1/DSC_5185.JPG,/home/vault/iwfa/iwfa018h/FAPS/electricMotor/M2/Top/M2_MS_1/DSC_5219.JPG,4,M2
/home/vault/iwfa/iwfa018h/FAPS/electricMotor/M2/Side/M2_MC_U/DSC_4394.JPG,/home/vault/iwfa/iwfa018h/FAPS/electricMotor/M2/Top/M2_MC_U/DSC_5829.JPG,3,M2
/home/vault/iwfa/iwfa018h/FAPS/electricMotor/M2/Side/M2_MS_3/DSC_5084.JPG,/home/vault/iwfa/iwfa018h/FAPS/electricMotor/M2/Top/M2_MS_3/DSC_5517.JPG,7,M2
/home/vault/iwfa/iwfa018h/FAPS/electricMotor/M2/Side/M2_NS_2X/DSC_4237.JPG,/home/vault/iwfa/iwfa018h/FAPS/electricMotor/M2/Top/M2_NS_2X/DSC_5666.JPG,11,M2
/home/vault/iwfa/iwfa018h/FAPS/electricMotor/M2/Side/M2_C/DSC_4987.JPG,/home/vault/iwfa/iwfa018h/FAPS/electricMotor/M2/Top/M2_C/DSC_5264.JPG,0,M2
/home/vault/iwfa/iwfa018h/FAPS/electricMotor/L2/Side/L2_MS_2X/DSC_4767.JPG,/home/vault/iwfa/iwfa018h/FAPS/electricMotor/L2/Top/L2_MS_2X/DSC_5969.JPG,6,L2
/home/vault/iwfa/iwfa018h/FAPS/electricMotor/L2/Side/L2_MS_2I/DSC_4730.JPG,/home/vault/iwfa/iwfa018h/FAPS/electricMotor/L2/Top/L2_MS_2I/DSC_5946.JPG,5,L2
/home/vault/iwfa/iwfa018h/FAPS/electricMotor/L2/Side/L2_MS_1/DSC_4674.JPG,/home/vault/iwfa/iwfa018h/FAPS/electricMotor/L2/Top/L2_MS_1/DSC_5911.JPG,4,L2
/home/vault/iwfa/iwfa018h/FAPS/electricMotor/M2/Side/M2_MS_2I/DSC_5104.JPG,/home/vault/iwfa/iwfa018h/FAPS/electricMotor/M2/Top/M2_MS_2I/DSC_5452.JPG,5,M2
/home/vault/iwfa/iwfa018h/FAPS/electricMotor/M2/Side/M2_MC_O/DSC_4441.JPG,/home/vault/iwfa/iwfa018h/FAPS/electricMotor/M2/Top/M2_MC_O/DSC_5784.JPG,2,M2
/home/vault/iwfa/iwfa018h/FAPS/electricMotor/L2/Side/L2_MS_4/DSC_4851.JPG,/home/vault/iwfa/iwfa018h/FAPS/electricMotor/L2/Top/L2_MS_4/DSC_6055.JPG,8,L2
/home/vault/iwfa/iwfa018h/FAPS/electricMotor/M2/Side/M2_MC_U/DSC_4390.JPG,/home/vault/iwfa/iwfa018h/FAPS/electricMotor/M2/Top/M2_MC_U/DSC_5830.JPG,3,M2
/home/vault/iwfa/iwfa018h/FAPS/electricMotor/L2/Side/L2_C/DSC_4655.JPG,/home/vault/iwfa/iwfa018h/FAPS/electricMotor/L2/Top/L2_C/DSC_5413.JPG,0,L2
/home/vault/iwfa/iwfa018h/FAPS/electricMotor/M2/Side/M2_NS_2I/DSC_4262.JPG,/home/vault/iwfa/iwfa018h/FAPS/electricMotor/M2/Top/M2_NS_2I/DSC_5722.JPG,10,M2
/home/vault/iwfa/iwfa018h/FAPS/electricMotor/L2/Side/L2_NS_3/DSC_4502.JPG,/home/vault/iwfa/iwfa018h/FAPS/electricMotor/L2/Top/L2_NS_3/DSC_6131.JPG,12,L2
/home/vault/iwfa/iwfa018h/FAPS/electricMotor/L2/Side/L2_MS_3/DSC_4793.JPG,/home/vault/iwfa/iwfa018h/FAPS/electricMotor/L2/Top/L2_MS_3/DSC_6014.JPG,7,L2
/home/vault/iwfa/iwfa018h/FAPS/electricMotor/M2/Side/M2_NS_4/DSC_4173.JPG,/home/vault/iwfa/iwfa018h/FAPS/electricMotor/M2/Top/M2_NS_4/DSC_5605.JPG,13,M2
/home/vault/iwfa/iwfa018h/FAPS/electricMotor/M2/Side/M2_MS_1/DSC_5194.JPG,/home/vault/iwfa/iwfa018h/FAPS/electricMotor/M2/Top/M2_MS_1/DSC_5217.JPG,4,M2
/home/vault/iwfa/iwfa018h/FAPS/electricMotor/M2/Side/M2_MC_O/DSC_4416.JPG,/home/vault/iwfa/iwfa018h/FAPS/electricMotor/M2/Top/M2_MC_O/DSC_5799.JPG,2,M2
/home/vault/iwfa/iwfa018h/FAPS/electricMotor/M2/Side/M2_NS_4/DSC_4163.JPG,/home/vault/iwfa/iwfa018h/FAPS/electricMotor/M2/Top/M2_NS_4/DSC_5606.JPG,13,M2
/home/vault/iwfa/iwfa018h/FAPS/electricMotor/L2/Side/L2_NS_2I/DSC_4574.JPG,/home/vault/iwfa/iwfa018h/FAPS/electricMotor/L2/Top/L2_NS_2I/DSC_6193.JPG,10,L2
/home/vault/iwfa/iwfa018h/FAPS/electricMotor/M2/Side/M2_MC_2/DSC_4349.JPG,/home/vault/iwfa/iwfa018h/FAPS/electricMotor/M2/Top/M2_MC_2/DSC_5870.JPG,1,M2
/home/vault/iwfa/iwfa018h/FAPS/electricMotor/M2/Side/M2_NS_3/DSC_4221.JPG,/home/vault/iwfa/iwfa018h/FAPS/electricMotor/M2/Top/M2_NS_3/DSC_5636.JPG,12,M2
/home/vault/iwfa/iwfa018h/FAPS/electricMotor/M2/Side/M2_MS_3/DSC_5054.JPG,/home/vault/iwfa/iwfa018h/FAPS/electricMotor/M2/Top/M2_MS_3/DSC_5537.JPG,7,M2
/home/vault/iwfa/iwfa018h/FAPS/electricMotor/M2/Side/M2_NS_2X/DSC_4254.JPG,/home/vault/iwfa/iwfa018h/FAPS/electricMotor/M2/Top/M2_NS_2X/DSC_5686.JPG,11,M2
/home/vault/iwfa/iwfa018h/FAPS/electricMotor/L2/Side/L2_NS_2I/DSC_4569.JPG,/home/vault/iwfa/iwfa018h/FAPS/electricMotor/L2/Top/L2_NS_2I/DSC_6175.JPG,10,L2
/home/vault/iwfa/iwfa018h/FAPS/electricMotor/L2/Side/L2_NS_2I/DSC_4575.JPG,/home/vault/iwfa/iwfa018h/FAPS/electricMotor/L2/Top/L2_NS_2I/DSC_6178.JPG,10,L2
/home/vault/iwfa/iwfa018h/FAPS/electricMotor/M2/Side/M2_NS_3/DSC_4202.JPG,/home/vault/iwfa/iwfa018h/FAPS/electricMotor/M2/Top/M2_NS_3/DSC_5628.JPG,12,M2
/home/vault/iwfa/iwfa018h/FAPS/electricMotor/M2/Side/M2_MS_2X/DSC_5141.JPG,/home/vault/iwfa/iwfa018h/FAPS/electricMotor/M2/Top/M2_MS_2X/DSC_5485.JPG,6,M2
/home/vault/iwfa/iwfa018h/FAPS/electricMotor/L2/Side/L2_MC_U/DSC_4925.JPG,/home/vault/iwfa/iwfa018h/FAPS/electricMotor/L2/Top/L2_MC_U/DSC_5327.JPG,3,L2
/home/vault/iwfa/iwfa018h/FAPS/electricMotor/M2/Side/M2_MC_U/DSC_4400.JPG,/home/vault/iwfa/iwfa018h/FAPS/electricMotor/M2/Top/M2_MC_U/DSC_5831.JPG,3,M2
/home/vault/iwfa/iwfa018h/FAPS/electricMotor/L2/Side/L2_MS_1/DSC_4690.JPG,/home/vault/iwfa/iwfa018h/FAPS/electricMotor/L2/Top/L2_MS_1/DSC_5909.JPG,4,L2
/home/vault/iwfa/iwfa018h/FAPS/electricMotor/L2/Side/L2_MS_2X/DSC_4756.JPG,/home/vault/iwfa/iwfa018h/FAPS/electricMotor/L2/Top/L2_MS_2X/DSC_5984.JPG,6,L2
/home/vault/iwfa/iwfa018h/FAPS/electricMotor/L2/Side/L2_MS_2I/DSC_4728.JPG,/home/vault/iwfa/iwfa018h/FAPS/electricMotor/L2/Top/L2_MS_2I/DSC_5947.JPG,5,L2
/home/vault/iwfa/iwfa018h/FAPS/electricMotor/M2/Side/M2_NS_4/DSC_4167.JPG,/home/vault/iwfa/iwfa018h/FAPS/electricMotor/M2/Top/M2_NS_4/DSC_5580.JPG,13,M2
/home/vault/iwfa/iwfa018h/FAPS/electricMotor/L2/Side/L2_MC_U/DSC_4930.JPG,/home/vault/iwfa/iwfa018h/FAPS/electricMotor/L2/Top/L2_MC_U/DSC_5335.JPG,3,L2
/home/vault/iwfa/iwfa018h/FAPS/electricMotor/M2/Side/M2_MS_1/DSC_5201.JPG,/home/vault/iwfa/iwfa018h/FAPS/electricMotor/M2/Top/M2_MS_1/DSC_5237.JPG,4,M2
/home/vault/iwfa/iwfa018h/FAPS/electricMotor/M2/Side/M2_NS_4/DSC_4153.JPG,/home/vault/iwfa/iwfa018h/FAPS/electricMotor/M2/Top/M2_NS_4/DSC_5603.JPG,13,M2
/home/vault/iwfa/iwfa018h/FAPS/electricMotor/L2/Side/L2_NS_2I/DSC_4596.JPG,/home/vault/iwfa/iwfa018h/FAPS/electricMotor/L2/Top/L2_NS_2I/DSC_6200.JPG,10,L2
/home/vault/iwfa/iwfa018h/FAPS/electricMotor/L2/Side/L2_NS_3/DSC_4506.JPG,/home/vault/iwfa/iwfa018h/FAPS/electricMotor/L2/Top/L2_NS_3/DSC_6115.JPG,12,L2
/home/vault/iwfa/iwfa018h/FAPS/electricMotor/M2/Side/M2_NS_1/DSC_4327.JPG,/home/vault/iwfa/iwfa018h/FAPS/electricMotor/M2/Top/M2_NS_1/DSC_5745.JPG,9,M2
/home/vault/iwfa/iwfa018h/FAPS/electricMotor/L2/Side/L2_MS_4/DSC_4829.JPG,/home/vault/iwfa/iwfa018h/FAPS/electricMotor/L2/Top/L2_MS_4/DSC_6033.JPG,8,L2
/home/vault/iwfa/iwfa018h/FAPS/electricMotor/M2/Side/M2_MS_2X/DSC_5151.JPG,/home/vault/iwfa/iwfa018h/FAPS/electricMotor/M2/Top/M2_MS_2X/DSC_5481.JPG,6,M2
/home/vault/iwfa/iwfa018h/FAPS/electricMotor/M2/Side/M2_MS_3/DSC_5061.JPG,/home/vault/iwfa/iwfa018h/FAPS/electricMotor/M2/Top/M2_MS_3/DSC_5528.JPG,7,M2
/home/vault/iwfa/iwfa018h/FAPS/electricMotor/L2/Side/L2_MS_4/DSC_4841.JPG,/home/vault/iwfa/iwfa018h/FAPS/electricMotor/L2/Top/L2_MS_4/DSC_6037.JPG,8,L2
/home/vault/iwfa/iwfa018h/FAPS/electricMotor/M2/Side/M2_MC_2/DSC_4345.JPG,/home/vault/iwfa/iwfa018h/FAPS/electricMotor/M2/Top/M2_MC_2/DSC_5862.JPG,1,M2
/home/vault/iwfa/iwfa018h/FAPS/electricMotor/M2/Side/M2_MS_1/DSC_5198.JPG,/home/vault/iwfa/iwfa018h/FAPS/electricMotor/M2/Top/M2_MS_1/DSC_5221.JPG,4,M2
/home/vault/iwfa/iwfa018h/FAPS/electricMotor/M2/Side/M2_C/DSC_4995.JPG,/home/vault/iwfa/iwfa018h/FAPS/electricMotor/M2/Top/M2_C/DSC_5249.JPG,0,M2
/home/vault/iwfa/iwfa018h/FAPS/electricMotor/M2/Side/M2_MS_3/DSC_5049.JPG,/home/vault/iwfa/iwfa018h/FAPS/electricMotor/M2/Top/M2_MS_3/DSC_5534.JPG,7,M2
/home/vault/iwfa/iwfa018h/FAPS/electricMotor/L2/Side/L2_MS_2X/DSC_4760.JPG,/home/vault/iwfa/iwfa018h/FAPS/electricMotor/L2/Top/L2_MS_2X/DSC_5962.JPG,6,L2
/home/vault/iwfa/iwfa018h/FAPS/electricMotor/L2/Side/L2_MS_3/DSC_4818.JPG,/home/vault/iwfa/iwfa018h/FAPS/electricMotor/L2/Top/L2_MS_3/DSC_6002.JPG,7,L2
/home/vault/iwfa/iwfa018h/FAPS/electricMotor/M2/Side/M2_MS_1/DSC_5182.JPG,/home/vault/iwfa/iwfa018h/FAPS/electricMotor/M2/Top/M2_MS_1/DSC_5214.JPG,4,M2
/home/vault/iwfa/iwfa018h/FAPS/electricMotor/L2/Side/L2_MC_2/DSC_4958.JPG,/home/vault/iwfa/iwfa018h/FAPS/electricMotor/L2/Top/L2_MC_2/DSC_5284.JPG,1,L2
/home/vault/iwfa/iwfa018h/FAPS/electricMotor/L2/Side/L2_MC_2/DSC_4942.JPG,/home/vault/iwfa/iwfa018h/FAPS/electricMotor/L2/Top/L2_MC_2/DSC_5308.JPG,1,L2
/home/vault/iwfa/iwfa018h/FAPS/electricMotor/L2/Side/L2_MC_U/DSC_4921.JPG,/home/vault/iwfa/iwfa018h/FAPS/electricMotor/L2/Top/L2_MC_U/DSC_5325.JPG,3,L2
/home/vault/iwfa/iwfa018h/FAPS/electricMotor/L2/Side/L2_MS_3/DSC_4788.JPG,/home/vault/iwfa/iwfa018h/FAPS/electricMotor/L2/Top/L2_MS_3/DSC_6022.JPG,7,L2
/home/vault/iwfa/iwfa018h/FAPS/electricMotor/L2/Side/L2_MS_2I/DSC_4715.JPG,/home/vault/iwfa/iwfa018h/FAPS/electricMotor/L2/Top/L2_MS_2I/DSC_5929.JPG,5,L2
/home/vault/iwfa/iwfa018h/FAPS/electricMotor/M2/Side/M2_MS_2I/DSC_5093.JPG,/home/vault/iwfa/iwfa018h/FAPS/electricMotor/M2/Top/M2_MS_2I/DSC_5465.JPG,5,M2
/home/vault/iwfa/iwfa018h/FAPS/electricMotor/L2/Side/L2_MS_4/DSC_4824.JPG,/home/vault/iwfa/iwfa018h/FAPS/electricMotor/L2/Top/L2_MS_4/DSC_6034.JPG,8,L2
/home/vault/iwfa/iwfa018h/FAPS/electricMotor/M2/Side/M2_MS_2I/DSC_5101.JPG,/home/vault/iwfa/iwfa018h/FAPS/electricMotor/M2/Top/M2_MS_2I/DSC_5461.JPG,5,M2
/home/vault/iwfa/iwfa018h/FAPS/electricMotor/L2/Side/L2_NS_3/DSC_4486.JPG,/home/vault/iwfa/iwfa018h/FAPS/electricMotor/L2/Top/L2_NS_3/DSC_6128.JPG,12,L2
/home/vault/iwfa/iwfa018h/FAPS/electricMotor/M2/Side/M2_MS_2X/DSC_5138.JPG,/home/vault/iwfa/iwfa018h/FAPS/electricMotor/M2/Top/M2_MS_2X/DSC_5487.JPG,6,M2
/home/vault/iwfa/iwfa018h/FAPS/electricMotor/L2/Side/L2_MC_U/DSC_4932.JPG,/home/vault/iwfa/iwfa018h/FAPS/electricMotor/L2/Top/L2_MC_U/DSC_5334.JPG,3,L2
/home/vault/iwfa/iwfa018h/FAPS/electricMotor/M2/Side/M2_NS_1/DSC_4298.JPG,/home/vault/iwfa/iwfa018h/FAPS/electricMotor/M2/Top/M2_NS_1/DSC_5744.JPG,9,M2
/home/vault/iwfa/iwfa018h/FAPS/electricMotor/L2/Side/L2_NS_2I/DSC_4594.JPG,/home/vault/iwfa/iwfa018h/FAPS/electricMotor/L2/Top/L2_NS_2I/DSC_6204.JPG,10,L2
/home/vault/iwfa/iwfa018h/FAPS/electricMotor/L2/Side/L2_MS_1/DSC_4691.JPG,/home/vault/iwfa/iwfa018h/FAPS/electricMotor/L2/Top/L2_MS_1/DSC_5883.JPG,4,L2
/home/vault/iwfa/iwfa018h/FAPS/electricMotor/L2/Side/L2_NS_3/DSC_4518.JPG,/home/vault/iwfa/iwfa018h/FAPS/electricMotor/L2/Top/L2_NS_3/DSC_6101.JPG,12,L2
/home/vault/iwfa/iwfa018h/FAPS/electricMotor/L2/Side/L2_NS_1/DSC_4627.JPG,/home/vault/iwfa/iwfa018h/FAPS/electricMotor/L2/Top/L2_NS_1/DSC_6232.JPG,9,L2
/home/vault/iwfa/iwfa018h/FAPS/electricMotor/L2/Side/L2_MC_O/DSC_4875.JPG,/home/vault/iwfa/iwfa018h/FAPS/electricMotor/L2/Top/L2_MC_O/DSC_5355.JPG,2,L2
/home/vault/iwfa/iwfa018h/FAPS/electricMotor/M2/Side/M2_MC_U/DSC_4376.JPG,/home/vault/iwfa/iwfa018h/FAPS/electricMotor/M2/Top/M2_MC_U/DSC_5804.JPG,3,M2
/home/vault/iwfa/iwfa018h/FAPS/electricMotor/M2/Side/M2_MS_2I/DSC_5094.JPG,/home/vault/iwfa/iwfa018h/FAPS/electricMotor/M2/Top/M2_MS_2I/DSC_5436.JPG,5,M2
/home/vault/iwfa/iwfa018h/FAPS/electricMotor/L2/Side/L2_NS_3/DSC_4492.JPG,/home/vault/iwfa/iwfa018h/FAPS/electricMotor/L2/Top/L2_NS_3/DSC_6119.JPG,12,L2
/home/vault/iwfa/iwfa018h/FAPS/electricMotor/L2/Side/L2_C/DSC_4667.JPG,/home/vault/iwfa/iwfa018h/FAPS/electricMotor/L2/Top/L2_C/DSC_5398.JPG,0,L2
/home/vault/iwfa/iwfa018h/FAPS/electricMotor/L2/Side/L2_MC_O/DSC_4869.JPG,/home/vault/iwfa/iwfa018h/FAPS/electricMotor/L2/Top/L2_MC_O/DSC_5383.JPG,2,L2
/home/vault/iwfa/iwfa018h/FAPS/electricMotor/L2/Side/L2_NS_2I/DSC_4598.JPG,/home/vault/iwfa/iwfa018h/FAPS/electricMotor/L2/Top/L2_NS_2I/DSC_6198.JPG,10,L2
/home/vault/iwfa/iwfa018h/FAPS/electricMotor/L2/Side/L2_MC_O/DSC_4867.JPG,/home/vault/iwfa/iwfa018h/FAPS/electricMotor/L2/Top/L2_MC_O/DSC_5356.JPG,2,L2
/home/vault/iwfa/iwfa018h/FAPS/electricMotor/L2/Side/L2_C/DSC_4645.JPG,/home/vault/iwfa/iwfa018h/FAPS/electricMotor/L2/Top/L2_C/DSC_5421.JPG,0,L2
/home/vault/iwfa/iwfa018h/FAPS/electricMotor/L2/Side/L2_MS_3/DSC_4800.JPG,/home/vault/iwfa/iwfa018h/FAPS/electricMotor/L2/Top/L2_MS_3/DSC_6003.JPG,7,L2
/home/vault/iwfa/iwfa018h/FAPS/electricMotor/L2/Side/L2_MC_O/DSC_4890.JPG,/home/vault/iwfa/iwfa018h/FAPS/electricMotor/L2/Top/L2_MC_O/DSC_5361.JPG,2,L2
/home/vault/iwfa/iwfa018h/FAPS/electricMotor/M2/Side/M2_MC_2/DSC_4367.JPG,/home/vault/iwfa/iwfa018h/FAPS/electricMotor/M2/Top/M2_MC_2/DSC_5863.JPG,1,M2
/home/vault/iwfa/iwfa018h/FAPS/electricMotor/L2/Side/L2_MC_2/DSC_4956.JPG,/home/vault/iwfa/iwfa018h/FAPS/electricMotor/L2/Top/L2_MC_2/DSC_5287.JPG,1,L2
/home/vault/iwfa/iwfa018h/FAPS/electricMotor/M2/Side/M2_MS_2I/DSC_5122.JPG,/home/vault/iwfa/iwfa018h/FAPS/electricMotor/M2/Top/M2_MS_2I/DSC_5459.JPG,5,M2
/home/vault/iwfa/iwfa018h/FAPS/electricMotor/M2/Side/M2_C/DSC_4983.JPG,/home/vault/iwfa/iwfa018h/FAPS/electricMotor/M2/Top/M2_C/DSC_5246.JPG,0,M2
/home/vault/iwfa/iwfa018h/FAPS/electricMotor/M2/Side/M2_NS_3/DSC_4219.JPG,/home/vault/iwfa/iwfa018h/FAPS/electricMotor/M2/Top/M2_NS_3/DSC_5630.JPG,12,M2
/home/vault/iwfa/iwfa018h/FAPS/electricMotor/L2/Side/L2_NS_2X/DSC_4559.JPG,/home/vault/iwfa/iwfa018h/FAPS/electricMotor/L2/Top/L2_NS_2X/DSC_6169.JPG,11,L2
/home/vault/iwfa/iwfa018h/FAPS/electricMotor/L2/Side/L2_NS_4/DSC_4456.JPG,/home/vault/iwfa/iwfa018h/FAPS/electricMotor/L2/Top/L2_NS_4/DSC_6079.JPG,13,L2
/home/vault/iwfa/iwfa018h/FAPS/electricMotor/L2/Side/L2_C/DSC_4666.JPG,/home/vault/iwfa/iwfa018h/FAPS/electricMotor/L2/Top/L2_C/DSC_5401.JPG,0,L2
/home/vault/iwfa/iwfa018h/FAPS/electricMotor/M2/Side/M2_MS_1/DSC_5197.JPG,/home/vault/iwfa/iwfa018h/FAPS/electricMotor/M2/Top/M2_MS_1/DSC_5234.JPG,4,M2
/home/vault/iwfa/iwfa018h/FAPS/electricMotor/M2/Side/M2_MS_4/DSC_5030.JPG,/home/vault/iwfa/iwfa018h/FAPS/electricMotor/M2/Top/M2_MS_4/DSC_5571.JPG,8,M2
/home/vault/iwfa/iwfa018h/FAPS/electricMotor/L2/Side/L2_NS_1/DSC_4617.JPG,/home/vault/iwfa/iwfa018h/FAPS/electricMotor/L2/Top/L2_NS_1/DSC_6228.JPG,9,L2
/home/vault/iwfa/iwfa018h/FAPS/electricMotor/M2/Side/M2_MS_4/DSC_5029.JPG,/home/vault/iwfa/iwfa018h/FAPS/electricMotor/M2/Top/M2_MS_4/DSC_5546.JPG,8,M2
/home/vault/iwfa/iwfa018h/FAPS/electricMotor/M2/Side/M2_NS_1/DSC_4315.JPG,/home/vault/iwfa/iwfa018h/FAPS/electricMotor/M2/Top/M2_NS_1/DSC_5731.JPG,9,M2
/home/vault/iwfa/iwfa018h/FAPS/electricMotor/L2/Side/L2_MS_2X/DSC_4757.JPG,/home/vault/iwfa/iwfa018h/FAPS/electricMotor/L2/Top/L2_MS_2X/DSC_5979.JPG,6,L2
/home/vault/iwfa/iwfa018h/FAPS/electricMotor/M2/Side/M2_MC_U/DSC_4379.JPG,/home/vault/iwfa/iwfa018h/FAPS/electricMotor/M2/Top/M2_MC_U/DSC_5838.JPG,3,M2
/home/vault/iwfa/iwfa018h/FAPS/electricMotor/L2/Side/L2_C/DSC_4642.JPG,/home/vault/iwfa/iwfa018h/FAPS/electricMotor/L2/Top/L2_C/DSC_5404.JPG,0,L2
/home/vault/iwfa/iwfa018h/FAPS/electricMotor/M2/Side/M2_C/DSC_5001.JPG,/home/vault/iwfa/iwfa018h/FAPS/electricMotor/M2/Top/M2_C/DSC_5265.JPG,0,M2
/home/vault/iwfa/iwfa018h/FAPS/electricMotor/L2/Side/L2_NS_3/DSC_4495.JPG,/home/vault/iwfa/iwfa018h/FAPS/electricMotor/L2/Top/L2_NS_3/DSC_6118.JPG,12,L2
/home/vault/iwfa/iwfa018h/FAPS/electricMotor/L2/Side/L2_NS_1/DSC_4628.JPG,/home/vault/iwfa/iwfa018h/FAPS/electricMotor/L2/Top/L2_NS_1/DSC_6235.JPG,9,L2
/home/vault/iwfa/iwfa018h/FAPS/electricMotor/M2/Side/M2_MS_3/DSC_5056.JPG,/home/vault/iwfa/iwfa018h/FAPS/electricMotor/M2/Top/M2_MS_3/DSC_5524.JPG,7,M2
/home/vault/iwfa/iwfa018h/FAPS/electricMotor/L2/Side/L2_NS_2I/DSC_4589.JPG,/home/vault/iwfa/iwfa018h/FAPS/electricMotor/L2/Top/L2_NS_2I/DSC_6196.JPG,10,L2
/home/vault/iwfa/iwfa018h/FAPS/electricMotor/L2/Side/L2_MC_U/DSC_4906.JPG,/home/vault/iwfa/iwfa018h/FAPS/electricMotor/L2/Top/L2_MC_U/DSC_5344.JPG,3,L2
/home/vault/iwfa/iwfa018h/FAPS/electricMotor/M2/Side/M2_NS_2I/DSC_4277.JPG,/home/vault/iwfa/iwfa018h/FAPS/electricMotor/M2/Top/M2_NS_2I/DSC_5716.JPG,10,M2
/home/vault/iwfa/iwfa018h/FAPS/electricMotor/L2/Side/L2_MC_O/DSC_4863.JPG,/home/vault/iwfa/iwfa018h/FAPS/electricMotor/L2/Top/L2_MC_O/DSC_5357.JPG,2,L2
/home/vault/iwfa/iwfa018h/FAPS/electricMotor/M2/Side/M2_MS_2I/DSC_5090.JPG,/home/vault/iwfa/iwfa018h/FAPS/electricMotor/M2/Top/M2_MS_2I/DSC_5454.JPG,5,M2
/home/vault/iwfa/iwfa018h/FAPS/electricMotor/L2/Side/L2_MC_2/DSC_4961.JPG,/home/vault/iwfa/iwfa018h/FAPS/electricMotor/L2/Top/L2_MC_2/DSC_5293.JPG,1,L2
/home/vault/iwfa/iwfa018h/FAPS/electricMotor/M2/Side/M2_NS_2I/DSC_4291.JPG,/home/vault/iwfa/iwfa018h/FAPS/electricMotor/M2/Top/M2_NS_2I/DSC_5721.JPG,10,M2
/home/vault/iwfa/iwfa018h/FAPS/electricMotor/L2/Side/L2_MC_U/DSC_4923.JPG,/home/vault/iwfa/iwfa018h/FAPS/electricMotor/L2/Top/L2_MC_U/DSC_5350.JPG,3,L2
/home/vault/iwfa/iwfa018h/FAPS/electricMotor/L2/Side/L2_MS_3/DSC_4815.JPG,/home/vault/iwfa/iwfa018h/FAPS/electricMotor/L2/Top/L2_MS_3/DSC_6015.JPG,7,L2
/home/vault/iwfa/iwfa018h/FAPS/electricMotor/M2/Side/M2_MC_O/DSC_4412.JPG,/home/vault/iwfa/iwfa018h/FAPS/electricMotor/M2/Top/M2_MC_O/DSC_5781.JPG,2,M2
/home/vault/iwfa/iwfa018h/FAPS/electricMotor/L2/Side/L2_C/DSC_4646.JPG,/home/vault/iwfa/iwfa018h/FAPS/electricMotor/L2/Top/L2_C/DSC_5418.JPG,0,L2
/home/vault/iwfa/iwfa018h/FAPS/electricMotor/M2/Side/M2_MS_2X/DSC_5163.JPG,/home/vault/iwfa/iwfa018h/FAPS/electricMotor/M2/Top/M2_MS_2X/DSC_5494.JPG,6,M2
/home/vault/iwfa/iwfa018h/FAPS/electricMotor/L2/Side/L2_MS_2X/DSC_4771.JPG,/home/vault/iwfa/iwfa018h/FAPS/electricMotor/L2/Top/L2_MS_2X/DSC_5957.JPG,6,L2
/home/vault/iwfa/iwfa018h/FAPS/electricMotor/L2/Side/L2_MS_2I/DSC_4739.JPG,/home/vault/iwfa/iwfa018h/FAPS/electricMotor/L2/Top/L2_MS_2I/DSC_5919.JPG,5,L2
/home/vault/iwfa/iwfa018h/FAPS/electricMotor/L2/Side/L2_NS_1/DSC_4610.JPG,/home/vault/iwfa/iwfa018h/FAPS/electricMotor/L2/Top/L2_NS_1/DSC_6226.JPG,9,L2
/home/vault/iwfa/iwfa018h/FAPS/electricMotor/L2/Side/L2_MS_2X/DSC_4776.JPG,/home/vault/iwfa/iwfa018h/FAPS/electricMotor/L2/Top/L2_MS_2X/DSC_5981.JPG,6,L2
/home/vault/iwfa/iwfa018h/FAPS/electricMotor/M2/Side/M2_MS_2I/DSC_5091.JPG,/home/vault/iwfa/iwfa018h/FAPS/electricMotor/M2/Top/M2_MS_2I/DSC_5441.JPG,5,M2
/home/vault/iwfa/iwfa018h/FAPS/electricMotor/M2/Side/M2_MS_3/DSC_5078.JPG,/home/vault/iwfa/iwfa018h/FAPS/electricMotor/M2/Top/M2_MS_3/DSC_5505.JPG,7,M2
/home/vault/iwfa/iwfa018h/FAPS/electricMotor/M2/Side/M2_MS_2X/DSC_5145.JPG,/home/vault/iwfa/iwfa018h/FAPS/electricMotor/M2/Top/M2_MS_2X/DSC_5490.JPG,6,M2
/home/vault/iwfa/iwfa018h/FAPS/electricMotor/M2/Side/M2_MS_2X/DSC_5132.JPG,/home/vault/iwfa/iwfa018h/FAPS/electricMotor/M2/Top/M2_MS_2X/DSC_5474.JPG,6,M2
/home/vault/iwfa/iwfa018h/FAPS/electricMotor/L2/Side/L2_MS_3/DSC_4814.JPG,/home/vault/iwfa/iwfa018h/FAPS/electricMotor/L2/Top/L2_MS_3/DSC_6001.JPG,7,L2
/home/vault/iwfa/iwfa018h/FAPS/electricMotor/M2/Side/M2_NS_2I/DSC_4290.JPG,/home/vault/iwfa/iwfa018h/FAPS/electricMotor/M2/Top/M2_NS_2I/DSC_5702.JPG,10,M2
/home/vault/iwfa/iwfa018h/FAPS/electricMotor/M2/Side/M2_MS_1/DSC_5169.JPG,/home/vault/iwfa/iwfa018h/FAPS/electricMotor/M2/Top/M2_MS_1/DSC_5206.JPG,4,M2
/home/vault/iwfa/iwfa018h/FAPS/electricMotor/M2/Side/M2_MS_3/DSC_5082.JPG,/home/vault/iwfa/iwfa018h/FAPS/electricMotor/M2/Top/M2_MS_3/DSC_5511.JPG,7,M2
/home/vault/iwfa/iwfa018h/FAPS/electricMotor/M2/Side/M2_MS_4/DSC_5019.JPG,/home/vault/iwfa/iwfa018h/FAPS/electricMotor/M2/Top/M2_MS_4/DSC_5552.JPG,8,M2
/home/vault/iwfa/iwfa018h/FAPS/electricMotor/M2/Side/M2_MS_2I/DSC_5113.JPG,/home/vault/iwfa/iwfa018h/FAPS/electricMotor/M2/Top/M2_MS_2I/DSC_5437.JPG,5,M2
/home/vault/iwfa/iwfa018h/FAPS/electricMotor/M2/Side/M2_MC_2/DSC_4346.JPG,/home/vault/iwfa/iwfa018h/FAPS/electricMotor/M2/Top/M2_MC_2/DSC_5865.JPG,1,M2
/home/vault/iwfa/iwfa018h/FAPS/electricMotor/M2/Side/M2_MC_O/DSC_4435.JPG,/home/vault/iwfa/iwfa018h/FAPS/electricMotor/M2/Top/M2_MC_O/DSC_5792.JPG,2,M2
/home/vault/iwfa/iwfa018h/FAPS/electricMotor/M2/Side/M2_MS_2I/DSC_5087.JPG,/home/vault/iwfa/iwfa018h/FAPS/electricMotor/M2/Top/M2_MS_2I/DSC_5460.JPG,5,M2
/home/vault/iwfa/iwfa018h/FAPS/electricMotor/M2/Side/M2_MC_2/DSC_4361.JPG,/home/vault/iwfa/iwfa018h/FAPS/electricMotor/M2/Top/M2_MC_2/DSC_5842.JPG,1,M2
/home/vault/iwfa/iwfa018h/FAPS/electricMotor/L2/Side/L2_MC_O/DSC_4893.JPG,/home/vault/iwfa/iwfa018h/FAPS/electricMotor/L2/Top/L2_MC_O/DSC_5387.JPG,2,L2
/home/vault/iwfa/iwfa018h/FAPS/electricMotor/L2/Side/L2_MS_3/DSC_4806.JPG,/home/vault/iwfa/iwfa018h/FAPS/electricMotor/L2/Top/L2_MS_3/DSC_6021.JPG,7,L2
/home/vault/iwfa/iwfa018h/FAPS/electricMotor/M2/Side/M2_MC_U/DSC_4396.JPG,/home/vault/iwfa/iwfa018h/FAPS/electricMotor/M2/Top/M2_MC_U/DSC_5822.JPG,3,M2
/home/vault/iwfa/iwfa018h/FAPS/electricMotor/L2/Side/L2_NS_3/DSC_4499.JPG,/home/vault/iwfa/iwfa018h/FAPS/electricMotor/L2/Top/L2_NS_3/DSC_6107.JPG,12,L2
/home/vault/iwfa/iwfa018h/FAPS/electricMotor/L2/Side/L2_MC_U/DSC_4933.JPG,/home/vault/iwfa/iwfa018h/FAPS/electricMotor/L2/Top/L2_MC_U/DSC_5336.JPG,3,L2
/home/vault/iwfa/iwfa018h/FAPS/electricMotor/L2/Side/L2_MC_O/DSC_4883.JPG,/home/vault/iwfa/iwfa018h/FAPS/electricMotor/L2/Top/L2_MC_O/DSC_5369.JPG,2,L2
/home/vault/iwfa/iwfa018h/FAPS/electricMotor/M2/Side/M2_NS_2I/DSC_4293.JPG,/home/vault/iwfa/iwfa018h/FAPS/electricMotor/M2/Top/M2_NS_2I/DSC_5691.JPG,10,M2
/home/vault/iwfa/iwfa018h/FAPS/electricMotor/M2/Side/M2_C/DSC_5009.JPG,/home/vault/iwfa/iwfa018h/FAPS/electricMotor/M2/Top/M2_C/DSC_5276.JPG,0,M2
/home/vault/iwfa/iwfa018h/FAPS/electricMotor/L2/Side/L2_MS_4/DSC_4834.JPG,/home/vault/iwfa/iwfa018h/FAPS/electricMotor/L2/Top/L2_MS_4/DSC_6028.JPG,8,L2
/home/vault/iwfa/iwfa018h/FAPS/electricMotor/L2/Side/L2_MC_2/DSC_4966.JPG,/home/vault/iwfa/iwfa018h/FAPS/electricMotor/L2/Top/L2_MC_2/DSC_5298.JPG,1,L2
/home/vault/iwfa/iwfa018h/FAPS/electricMotor/M2/Side/M2_MC_2/DSC_4340.JPG,/home/vault/iwfa/iwfa018h/FAPS/electricMotor/M2/Top/M2_MC_2/DSC_5864.JPG,1,M2
/home/vault/iwfa/iwfa018h/FAPS/electricMotor/L2/Side/L2_MS_1/DSC_4689.JPG,/home/vault/iwfa/iwfa018h/FAPS/electricMotor/L2/Top/L2_MS_1/DSC_5887.JPG,4,L2
/home/vault/iwfa/iwfa018h/FAPS/electricMotor/M2/Side/M2_NS_4/DSC_4151.JPG,/home/vault/iwfa/iwfa018h/FAPS/electricMotor/M2/Top/M2_NS_4/DSC_5588.JPG,13,M2
/home/vault/iwfa/iwfa018h/FAPS/electricMotor/L2/Side/L2_MC_U/DSC_4931.JPG,/home/vault/iwfa/iwfa018h/FAPS/electricMotor/L2/Top/L2_MC_U/DSC_5320.JPG,3,L2
/home/vault/iwfa/iwfa018h/FAPS/electricMotor/M2/Side/M2_NS_4/DSC_4142.JPG,/home/vault/iwfa/iwfa018h/FAPS/electricMotor/M2/Top/M2_NS_4/DSC_5592.JPG,13,M2
/home/vault/iwfa/iwfa018h/FAPS/electricMotor/L2/Side/L2_MC_U/DSC_4928.JPG,/home/vault/iwfa/iwfa018h/FAPS/electricMotor/L2/Top/L2_MC_U/DSC_5353.JPG,3,L2
/home/vault/iwfa/iwfa018h/FAPS/electricMotor/L2/Side/L2_MS_3/DSC_4792.JPG,/home/vault/iwfa/iwfa018h/FAPS/electricMotor/L2/Top/L2_MS_3/DSC_6000.JPG,7,L2
/home/vault/iwfa/iwfa018h/FAPS/electricMotor/M2/Side/M2_NS_2I/DSC_4273.JPG,/home/vault/iwfa/iwfa018h/FAPS/electricMotor/M2/Top/M2_NS_2I/DSC_5703.JPG,10,M2
/home/vault/iwfa/iwfa018h/FAPS/electricMotor/M2/Side/M2_MS_2I/DSC_5106.JPG,/home/vault/iwfa/iwfa018h/FAPS/electricMotor/M2/Top/M2_MS_2I/DSC_5434.JPG,5,M2
/home/vault/iwfa/iwfa018h/FAPS/electricMotor/L2/Side/L2_NS_3/DSC_4490.JPG,/home/vault/iwfa/iwfa018h/FAPS/electricMotor/L2/Top/L2_NS_3/DSC_6127.JPG,12,L2
/home/vault/iwfa/iwfa018h/FAPS/electricMotor/M2/Side/M2_NS_2I/DSC_4279.JPG,/home/vault/iwfa/iwfa018h/FAPS/electricMotor/M2/Top/M2_NS_2I/DSC_5697.JPG,10,M2
/home/vault/iwfa/iwfa018h/FAPS/electricMotor/L2/Side/L2_MS_2X/DSC_4772.JPG,/home/vault/iwfa/iwfa018h/FAPS/electricMotor/L2/Top/L2_MS_2X/DSC_5972.JPG,6,L2
/home/vault/iwfa/iwfa018h/FAPS/electricMotor/L2/Side/L2_NS_1/DSC_4611.JPG,/home/vault/iwfa/iwfa018h/FAPS/electricMotor/L2/Top/L2_NS_1/DSC_6233.JPG,9,L2
/home/vault/iwfa/iwfa018h/FAPS/electricMotor/L2/Side/L2_MS_4/DSC_4825.JPG,/home/vault/iwfa/iwfa018h/FAPS/electricMotor/L2/Top/L2_MS_4/DSC_6041.JPG,8,L2
/home/vault/iwfa/iwfa018h/FAPS/electricMotor/L2/Side/L2_C/DSC_4653.JPG,/home/vault/iwfa/iwfa018h/FAPS/electricMotor/L2/Top/L2_C/DSC_5426.JPG,0,L2
/home/vault/iwfa/iwfa018h/FAPS/electricMotor/M2/Side/M2_NS_3/DSC_4209.JPG,/home/vault/iwfa/iwfa018h/FAPS/electricMotor/M2/Top/M2_NS_3/DSC_5626.JPG,12,M2
/home/vault/iwfa/iwfa018h/FAPS/electricMotor/L2/Side/L2_NS_3/DSC_4508.JPG,/home/vault/iwfa/iwfa018h/FAPS/electricMotor/L2/Top/L2_NS_3/DSC_6120.JPG,12,L2
/home/vault/iwfa/iwfa018h/FAPS/electricMotor/M2/Side/M2_MS_2X/DSC_5162.JPG,/home/vault/iwfa/iwfa018h/FAPS/electricMotor/M2/Top/M2_MS_2X/DSC_5496.JPG,6,M2
/home/vault/iwfa/iwfa018h/FAPS/electricMotor/L2/Side/L2_NS_2I/DSC_4564.JPG,/home/vault/iwfa/iwfa018h/FAPS/electricMotor/L2/Top/L2_NS_2I/DSC_6189.JPG,10,L2
/home/vault/iwfa/iwfa018h/FAPS/electricMotor/M2/Side/M2_NS_3/DSC_4195.JPG,/home/vault/iwfa/iwfa018h/FAPS/electricMotor/M2/Top/M2_NS_3/DSC_5629.JPG,12,M2
/home/vault/iwfa/iwfa018h/FAPS/electricMotor/L2/Side/L2_MS_1/DSC_4675.JPG,/home/vault/iwfa/iwfa018h/FAPS/electricMotor/L2/Top/L2_MS_1/DSC_5888.JPG,4,L2
/home/vault/iwfa/iwfa018h/FAPS/electricMotor/L2/Side/L2_MC_U/DSC_4905.JPG,/home/vault/iwfa/iwfa018h/FAPS/electricMotor/L2/Top/L2_MC_U/DSC_5338.JPG,3,L2
/home/vault/iwfa/iwfa018h/FAPS/electricMotor/L2/Side/L2_NS_4/DSC_4450.JPG,/home/vault/iwfa/iwfa018h/FAPS/electricMotor/L2/Top/L2_NS_4/DSC_6084.JPG,13,L2
/home/vault/iwfa/iwfa018h/FAPS/electricMotor/L2/Side/L2_MS_2X/DSC_4762.JPG,/home/vault/iwfa/iwfa018h/FAPS/electricMotor/L2/Top/L2_MS_2X/DSC_5959.JPG,6,L2
/home/vault/iwfa/iwfa018h/FAPS/electricMotor/L2/Side/L2_MS_4/DSC_4833.JPG,/home/vault/iwfa/iwfa018h/FAPS/electricMotor/L2/Top/L2_MS_4/DSC_6058.JPG,8,L2
/home/vault/iwfa/iwfa018h/FAPS/electricMotor/L2/Side/L2_MC_U/DSC_4919.JPG,/home/vault/iwfa/iwfa018h/FAPS/electricMotor/L2/Top/L2_MC_U/DSC_5343.JPG,3,L2
/home/vault/iwfa/iwfa018h/FAPS/electricMotor/L2/Side/L2_MS_1/DSC_4703.JPG,/home/vault/iwfa/iwfa018h/FAPS/electricMotor/L2/Top/L2_MS_1/DSC_5885.JPG,4,L2
/home/vault/iwfa/iwfa018h/FAPS/electricMotor/L2/Side/L2_NS_1/DSC_4626.JPG,/home/vault/iwfa/iwfa018h/FAPS/electricMotor/L2/Top/L2_NS_1/DSC_6222.JPG,9,L2
/home/vault/iwfa/iwfa018h/FAPS/electricMotor/L2/Side/L2_NS_3/DSC_4513.JPG,/home/vault/iwfa/iwfa018h/FAPS/electricMotor/L2/Top/L2_NS_3/DSC_6134.JPG,12,L2
/home/vault/iwfa/iwfa018h/FAPS/electricMotor/L2/Side/L2_NS_2I/DSC_4567.JPG,/home/vault/iwfa/iwfa018h/FAPS/electricMotor/L2/Top/L2_NS_2I/DSC_6208.JPG,10,L2
/home/vault/iwfa/iwfa018h/FAPS/electricMotor/L2/Side/L2_C/DSC_4637.JPG,/home/vault/iwfa/iwfa018h/FAPS/electricMotor/L2/Top/L2_C/DSC_5415.JPG,0,L2
/home/vault/iwfa/iwfa018h/FAPS/electricMotor/L2/Side/L2_MS_1/DSC_4696.JPG,/home/vault/iwfa/iwfa018h/FAPS/electricMotor/L2/Top/L2_MS_1/DSC_5881.JPG,4,L2
/home/vault/iwfa/iwfa018h/FAPS/electricMotor/L2/Side/L2_MS_2I/DSC_4742.JPG,/home/vault/iwfa/iwfa018h/FAPS/electricMotor/L2/Top/L2_MS_2I/DSC_5916.JPG,5,L2
/home/vault/iwfa/iwfa018h/FAPS/electricMotor/M2/Side/M2_MS_2I/DSC_5100.JPG,/home/vault/iwfa/iwfa018h/FAPS/electricMotor/M2/Top/M2_MS_2I/DSC_5463.JPG,5,M2
/home/vault/iwfa/iwfa018h/FAPS/electricMotor/M2/Side/M2_NS_2X/DSC_4236.JPG,/home/vault/iwfa/iwfa018h/FAPS/electricMotor/M2/Top/M2_NS_2X/DSC_5661.JPG,11,M2
/home/vault/iwfa/iwfa018h/FAPS/electricMotor/M2/Side/M2_MS_2X/DSC_5148.JPG,/home/vault/iwfa/iwfa018h/FAPS/electricMotor/M2/Top/M2_MS_2X/DSC_5499.JPG,6,M2
/home/vault/iwfa/iwfa018h/FAPS/electricMotor/L2/Side/L2_NS_4/DSC_4458.JPG,/home/vault/iwfa/iwfa018h/FAPS/electricMotor/L2/Top/L2_NS_4/DSC_6086.JPG,13,L2
/home/vault/iwfa/iwfa018h/FAPS/electricMotor/M2/Side/M2_MC_O/DSC_4419.JPG,/home/vault/iwfa/iwfa018h/FAPS/electricMotor/M2/Top/M2_MC_O/DSC_5770.JPG,2,M2
/home/vault/iwfa/iwfa018h/FAPS/electricMotor/L2/Side/L2_MS_2X/DSC_4753.JPG,/home/vault/iwfa/iwfa018h/FAPS/electricMotor/L2/Top/L2_MS_2X/DSC_5961.JPG,6,L2
/home/vault/iwfa/iwfa018h/FAPS/electricMotor/M2/Side/M2_NS_1/DSC_4303.JPG,/home/vault/iwfa/iwfa018h/FAPS/electricMotor/M2/Top/M2_NS_1/DSC_5748.JPG,9,M2
/home/vault/iwfa/iwfa018h/FAPS/electricMotor/L2/Side/L2_MC_2/DSC_4941.JPG,/home/vault/iwfa/iwfa018h/FAPS/electricMotor/L2/Top/L2_MC_2/DSC_5300.JPG,1,L2
/home/vault/iwfa/iwfa018h/FAPS/electricMotor/L2/Side/L2_MS_1/DSC_4693.JPG,/home/vault/iwfa/iwfa018h/FAPS/electricMotor/L2/Top/L2_MS_1/DSC_5884.JPG,4,L2
/home/vault/iwfa/iwfa018h/FAPS/electricMotor/L2/Side/L2_MC_2/DSC_4959.JPG,/home/vault/iwfa/iwfa018h/FAPS/electricMotor/L2/Top/L2_MC_2/DSC_5291.JPG,1,L2
/home/vault/iwfa/iwfa018h/FAPS/electricMotor/M2/Side/M2_MC_2/DSC_4342.JPG,/home/vault/iwfa/iwfa018h/FAPS/electricMotor/M2/Top/M2_MC_2/DSC_5871.JPG,1,M2
/home/vault/iwfa/iwfa018h/FAPS/electricMotor/L2/Side/L2_MS_2I/DSC_4731.JPG,/home/vault/iwfa/iwfa018h/FAPS/electricMotor/L2/Top/L2_MS_2I/DSC_5939.JPG,5,L2
/home/vault/iwfa/iwfa018h/FAPS/electricMotor/L2/Side/L2_MS_3/DSC_4803.JPG,/home/vault/iwfa/iwfa018h/FAPS/electricMotor/L2/Top/L2_MS_3/DSC_6018.JPG,7,L2
/home/vault/iwfa/iwfa018h/FAPS/electricMotor/M2/Side/M2_NS_1/DSC_4316.JPG,/home/vault/iwfa/iwfa018h/FAPS/electricMotor/M2/Top/M2_NS_1/DSC_5743.JPG,9,M2
/home/vault/iwfa/iwfa018h/FAPS/electricMotor/L2/Side/L2_NS_4/DSC_4463.JPG,/home/vault/iwfa/iwfa018h/FAPS/electricMotor/L2/Top/L2_NS_4/DSC_6071.JPG,13,L2
/home/vault/iwfa/iwfa018h/FAPS/electricMotor/L2/Side/L2_MS_1/DSC_4677.JPG,/home/vault/iwfa/iwfa018h/FAPS/electricMotor/L2/Top/L2_MS_1/DSC_5894.JPG,4,L2
/home/vault/iwfa/iwfa018h/FAPS/electricMotor/L2/Side/L2_NS_2X/DSC_4536.JPG,/home/vault/iwfa/iwfa018h/FAPS/electricMotor/L2/Top/L2_NS_2X/DSC_6165.JPG,11,L2
/home/vault/iwfa/iwfa018h/FAPS/electricMotor/L2/Side/L2_MS_2I/DSC_4716.JPG,/home/vault/iwfa/iwfa018h/FAPS/electricMotor/L2/Top/L2_MS_2I/DSC_5927.JPG,5,L2
/home/vault/iwfa/iwfa018h/FAPS/electricMotor/L2/Side/L2_NS_1/DSC_4603.JPG,/home/vault/iwfa/iwfa018h/FAPS/electricMotor/L2/Top/L2_NS_1/DSC_6220.JPG,9,L2
/home/vault/iwfa/iwfa018h/FAPS/electricMotor/L2/Side/L2_NS_3/DSC_4511.JPG,/home/vault/iwfa/iwfa018h/FAPS/electricMotor/L2/Top/L2_NS_3/DSC_6132.JPG,12,L2
/home/vault/iwfa/iwfa018h/FAPS/electricMotor/L2/Side/L2_MS_2X/DSC_4780.JPG,/home/vault/iwfa/iwfa018h/FAPS/electricMotor/L2/Top/L2_MS_2X/DSC_5968.JPG,6,L2
/home/vault/iwfa/iwfa018h/FAPS/electricMotor/M2/Side/M2_NS_4/DSC_4182.JPG,/home/vault/iwfa/iwfa018h/FAPS/electricMotor/M2/Top/M2_NS_4/DSC_5612.JPG,13,M2
/home/vault/iwfa/iwfa018h/FAPS/electricMotor/M2/Side/M2_MC_U/DSC_4377.JPG,/home/vault/iwfa/iwfa018h/FAPS/electricMotor/M2/Top/M2_MC_U/DSC_5820.JPG,3,M2
/home/vault/iwfa/iwfa018h/FAPS/electricMotor/M2/Side/M2_MS_2I/DSC_5092.JPG,/home/vault/iwfa/iwfa018h/FAPS/electricMotor/M2/Top/M2_MS_2I/DSC_5443.JPG,5,M2
/home/vault/iwfa/iwfa018h/FAPS/electricMotor/L2/Side/L2_MS_3/DSC_4794.JPG,/home/vault/iwfa/iwfa018h/FAPS/electricMotor/L2/Top/L2_MS_3/DSC_5995.JPG,7,L2
/home/vault/iwfa/iwfa018h/FAPS/electricMotor/L2/Side/L2_NS_4/DSC_4464.JPG,/home/vault/iwfa/iwfa018h/FAPS/electricMotor/L2/Top/L2_NS_4/DSC_6075.JPG,13,L2
/home/vault/iwfa/iwfa018h/FAPS/electricMotor/M2/Side/M2_MS_1/DSC_5173.JPG,/home/vault/iwfa/iwfa018h/FAPS/electricMotor/M2/Top/M2_MS_1/DSC_5212.JPG,4,M2
/home/vault/iwfa/iwfa018h/FAPS/electricMotor/M2/Side/M2_NS_4/DSC_4162.JPG,/home/vault/iwfa/iwfa018h/FAPS/electricMotor/M2/Top/M2_NS_4/DSC_5589.JPG,13,M2
/home/vault/iwfa/iwfa018h/FAPS/electricMotor/L2/Side/L2_NS_2X/DSC_4543.JPG,/home/vault/iwfa/iwfa018h/FAPS/electricMotor/L2/Top/L2_NS_2X/DSC_6150.JPG,11,L2
/home/vault/iwfa/iwfa018h/FAPS/electricMotor/L2/Side/L2_MS_2I/DSC_4717.JPG,/home/vault/iwfa/iwfa018h/FAPS/electricMotor/L2/Top/L2_MS_2I/DSC_5935.JPG,5,L2
/home/vault/iwfa/iwfa018h/FAPS/electricMotor/M2/Side/M2_MS_2X/DSC_5139.JPG,/home/vault/iwfa/iwfa018h/FAPS/electricMotor/M2/Top/M2_MS_2X/DSC_5468.JPG,6,M2
/home/vault/iwfa/iwfa018h/FAPS/electricMotor/L2/Side/L2_MS_2I/DSC_4737.JPG,/home/vault/iwfa/iwfa018h/FAPS/electricMotor/L2/Top/L2_MS_2I/DSC_5938.JPG,5,L2
/home/vault/iwfa/iwfa018h/FAPS/electricMotor/M2/Side/M2_MS_3/DSC_5067.JPG,/home/vault/iwfa/iwfa018h/FAPS/electricMotor/M2/Top/M2_MS_3/DSC_5516.JPG,7,M2
/home/vault/iwfa/iwfa018h/FAPS/electricMotor/M2/Side/M2_MS_1/DSC_5184.JPG,/home/vault/iwfa/iwfa018h/FAPS/electricMotor/M2/Top/M2_MS_1/DSC_5209.JPG,4,M2
/home/vault/iwfa/iwfa018h/FAPS/electricMotor/L2/Side/L2_MS_4/DSC_4839.JPG,/home/vault/iwfa/iwfa018h/FAPS/electricMotor/L2/Top/L2_MS_4/DSC_6049.JPG,8,L2
/home/vault/iwfa/iwfa018h/FAPS/electricMotor/M2/Side/M2_NS_1/DSC_4330.JPG,/home/vault/iwfa/iwfa018h/FAPS/electricMotor/M2/Top/M2_NS_1/DSC_5739.JPG,9,M2
/home/vault/iwfa/iwfa018h/FAPS/electricMotor/M2/Side/M2_NS_1/DSC_4314.JPG,/home/vault/iwfa/iwfa018h/FAPS/electricMotor/M2/Top/M2_NS_1/DSC_5755.JPG,9,M2
/home/vault/iwfa/iwfa018h/FAPS/electricMotor/L2/Side/L2_C/DSC_4665.JPG,/home/vault/iwfa/iwfa018h/FAPS/electricMotor/L2/Top/L2_C/DSC_5410.JPG,0,L2
/home/vault/iwfa/iwfa018h/FAPS/electricMotor/L2/Side/L2_C/DSC_4663.JPG,/home/vault/iwfa/iwfa018h/FAPS/electricMotor/L2/Top/L2_C/DSC_5405.JPG,0,L2
/home/vault/iwfa/iwfa018h/FAPS/electricMotor/L2/Side/L2_MS_2I/DSC_4732.JPG,/home/vault/iwfa/iwfa018h/FAPS/electricMotor/L2/Top/L2_MS_2I/DSC_5926.JPG,5,L2
/home/vault/iwfa/iwfa018h/FAPS/electricMotor/L2/Side/L2_MS_1/DSC_4709.JPG,/home/vault/iwfa/iwfa018h/FAPS/electricMotor/L2/Top/L2_MS_1/DSC_5913.JPG,4,L2
/home/vault/iwfa/iwfa018h/FAPS/electricMotor/M2/Side/M2_MS_3/DSC_5058.JPG,/home/vault/iwfa/iwfa018h/FAPS/electricMotor/M2/Top/M2_MS_3/DSC_5518.JPG,7,M2
/home/vault/iwfa/iwfa018h/FAPS/electricMotor/M2/Side/M2_MC_U/DSC_4384.JPG,/home/vault/iwfa/iwfa018h/FAPS/electricMotor/M2/Top/M2_MC_U/DSC_5826.JPG,3,M2
/home/vault/iwfa/iwfa018h/FAPS/electricMotor/M2/Side/M2_NS_2I/DSC_4272.JPG,/home/vault/iwfa/iwfa018h/FAPS/electricMotor/M2/Top/M2_NS_2I/DSC_5705.JPG,10,M2
/home/vault/iwfa/iwfa018h/FAPS/electricMotor/M2/Side/M2_NS_1/DSC_4323.JPG,/home/vault/iwfa/iwfa018h/FAPS/electricMotor/M2/Top/M2_NS_1/DSC_5754.JPG,9,M2
/home/vault/iwfa/iwfa018h/FAPS/electricMotor/L2/Side/L2_MC_2/DSC_4955.JPG,/home/vault/iwfa/iwfa018h/FAPS/electricMotor/L2/Top/L2_MC_2/DSC_5294.JPG,1,L2
/home/vault/iwfa/iwfa018h/FAPS/electricMotor/M2/Side/M2_MC_O/DSC_4433.JPG,/home/vault/iwfa/iwfa018h/FAPS/electricMotor/M2/Top/M2_MC_O/DSC_5778.JPG,2,M2
/home/vault/iwfa/iwfa018h/FAPS/electricMotor/L2/Side/L2_MS_2I/DSC_4726.JPG,/home/vault/iwfa/iwfa018h/FAPS/electricMotor/L2/Top/L2_MS_2I/DSC_5950.JPG,5,L2
/home/vault/iwfa/iwfa018h/FAPS/electricMotor/M2/Side/M2_NS_3/DSC_4204.JPG,/home/vault/iwfa/iwfa018h/FAPS/electricMotor/M2/Top/M2_NS_3/DSC_5640.JPG,12,M2
/home/vault/iwfa/iwfa018h/FAPS/electricMotor/M2/Side/M2_MS_4/DSC_5018.JPG,/home/vault/iwfa/iwfa018h/FAPS/electricMotor/M2/Top/M2_MS_4/DSC_5570.JPG,8,M2
/home/vault/iwfa/iwfa018h/FAPS/electricMotor/L2/Side/L2_MS_4/DSC_4855.JPG,/home/vault/iwfa/iwfa018h/FAPS/electricMotor/L2/Top/L2_MS_4/DSC_6053.JPG,8,L2
/home/vault/iwfa/iwfa018h/FAPS/electricMotor/L2/Side/L2_NS_1/DSC_4614.JPG,/home/vault/iwfa/iwfa018h/FAPS/electricMotor/L2/Top/L2_NS_1/DSC_6243.JPG,9,L2
/home/vault/iwfa/iwfa018h/FAPS/electricMotor/M2/Side/M2_MS_4/DSC_5041.JPG,/home/vault/iwfa/iwfa018h/FAPS/electricMotor/M2/Top/M2_MS_4/DSC_5564.JPG,8,M2
/home/vault/iwfa/iwfa018h/FAPS/electricMotor/M2/Side/M2_MS_1/DSC_5181.JPG,/home/vault/iwfa/iwfa018h/FAPS/electricMotor/M2/Top/M2_MS_1/DSC_5224.JPG,4,M2
/home/vault/iwfa/iwfa018h/FAPS/electricMotor/M2/Side/M2_C/DSC_4978.JPG,/home/vault/iwfa/iwfa018h/FAPS/electricMotor/M2/Top/M2_C/DSC_5253.JPG,0,M2
/home/vault/iwfa/iwfa018h/FAPS/electricMotor/L2/Side/L2_MC_O/DSC_4873.JPG,/home/vault/iwfa/iwfa018h/FAPS/electricMotor/L2/Top/L2_MC_O/DSC_5375.JPG,2,L2
/home/vault/iwfa/iwfa018h/FAPS/electricMotor/M2/Side/M2_C/DSC_4999.JPG,/home/vault/iwfa/iwfa018h/FAPS/electricMotor/M2/Top/M2_C/DSC_5259.JPG,0,M2
/home/vault/iwfa/iwfa018h/FAPS/electricMotor/L2/Side/L2_NS_3/DSC_4487.JPG,/home/vault/iwfa/iwfa018h/FAPS/electricMotor/L2/Top/L2_NS_3/DSC_6100.JPG,12,L2
/home/vault/iwfa/iwfa018h/FAPS/electricMotor/M2/Side/M2_MC_U/DSC_4408.JPG,/home/vault/iwfa/iwfa018h/FAPS/electricMotor/M2/Top/M2_MC_U/DSC_5836.JPG,3,M2
/home/vault/iwfa/iwfa018h/FAPS/electricMotor/M2/Side/M2_NS_1/DSC_4306.JPG,/home/vault/iwfa/iwfa018h/FAPS/electricMotor/M2/Top/M2_NS_1/DSC_5741.JPG,9,M2
/home/vault/iwfa/iwfa018h/FAPS/electricMotor/M2/Side/M2_MS_4/DSC_5047.JPG,/home/vault/iwfa/iwfa018h/FAPS/electricMotor/M2/Top/M2_MS_4/DSC_5548.JPG,8,M2
/home/vault/iwfa/iwfa018h/FAPS/electricMotor/M2/Side/M2_MS_1/DSC_5188.JPG,/home/vault/iwfa/iwfa018h/FAPS/electricMotor/M2/Top/M2_MS_1/DSC_5207.JPG,4,M2
/home/vault/iwfa/iwfa018h/FAPS/electricMotor/L2/Side/L2_MC_O/DSC_4891.JPG,/home/vault/iwfa/iwfa018h/FAPS/electricMotor/L2/Top/L2_MC_O/DSC_5390.JPG,2,L2
/home/vault/iwfa/iwfa018h/FAPS/electricMotor/L2/Side/L2_NS_2I/DSC_4568.JPG,/home/vault/iwfa/iwfa018h/FAPS/electricMotor/L2/Top/L2_NS_2I/DSC_6174.JPG,10,L2
/home/vault/iwfa/iwfa018h/FAPS/electricMotor/M2/Side/M2_NS_2X/DSC_4231.JPG,/home/vault/iwfa/iwfa018h/FAPS/electricMotor/M2/Top/M2_NS_2X/DSC_5684.JPG,11,M2
/home/vault/iwfa/iwfa018h/FAPS/electricMotor/L2/Side/L2_MS_4/DSC_4848.JPG,/home/vault/iwfa/iwfa018h/FAPS/electricMotor/L2/Top/L2_MS_4/DSC_6059.JPG,8,L2
/home/vault/iwfa/iwfa018h/FAPS/electricMotor/M2/Side/M2_MC_U/DSC_4386.JPG,/home/vault/iwfa/iwfa018h/FAPS/electricMotor/M2/Top/M2_MC_U/DSC_5817.JPG,3,M2
/home/vault/iwfa/iwfa018h/FAPS/electricMotor/L2/Side/L2_MC_O/DSC_4870.JPG,/home/vault/iwfa/iwfa018h/FAPS/electricMotor/L2/Top/L2_MC_O/DSC_5358.JPG,2,L2
/home/vault/iwfa/iwfa018h/FAPS/electricMotor/L2/Side/L2_NS_4/DSC_4457.JPG,/home/vault/iwfa/iwfa018h/FAPS/electricMotor/L2/Top/L2_NS_4/DSC_6089.JPG,13,L2
/home/vault/iwfa/iwfa018h/FAPS/electricMotor/L2/Side/L2_NS_3/DSC_4522.JPG,/home/vault/iwfa/iwfa018h/FAPS/electricMotor/L2/Top/L2_NS_3/DSC_6104.JPG,12,L2
/home/vault/iwfa/iwfa018h/FAPS/electricMotor/M2/Side/M2_MS_2X/DSC_5146.JPG,/home/vault/iwfa/iwfa018h/FAPS/electricMotor/M2/Top/M2_MS_2X/DSC_5486.JPG,6,M2
/home/vault/iwfa/iwfa018h/FAPS/electricMotor/M2/Side/M2_MS_3/DSC_5062.JPG,/home/vault/iwfa/iwfa018h/FAPS/electricMotor/M2/Top/M2_MS_3/DSC_5520.JPG,7,M2
/home/vault/iwfa/iwfa018h/FAPS/electricMotor/L2/Side/L2_NS_4/DSC_4467.JPG,/home/vault/iwfa/iwfa018h/FAPS/electricMotor/L2/Top/L2_NS_4/DSC_6076.JPG,13,L2
/home/vault/iwfa/iwfa018h/FAPS/electricMotor/M2/Side/M2_NS_4/DSC_4146.JPG,/home/vault/iwfa/iwfa018h/FAPS/electricMotor/M2/Top/M2_NS_4/DSC_5611.JPG,13,M2
/home/vault/iwfa/iwfa018h/FAPS/electricMotor/M2/Side/M2_NS_4/DSC_4152.JPG,/home/vault/iwfa/iwfa018h/FAPS/electricMotor/M2/Top/M2_NS_4/DSC_5598.JPG,13,M2
/home/vault/iwfa/iwfa018h/FAPS/electricMotor/M2/Side/M2_C/DSC_5005.JPG,/home/vault/iwfa/iwfa018h/FAPS/electricMotor/M2/Top/M2_C/DSC_5244.JPG,0,M2
/home/vault/iwfa/iwfa018h/FAPS/electricMotor/L2/Side/L2_MC_2/DSC_4963.JPG,/home/vault/iwfa/iwfa018h/FAPS/electricMotor/L2/Top/L2_MC_2/DSC_5281.JPG,1,L2
/home/vault/iwfa/iwfa018h/FAPS/electricMotor/M2/Side/M2_MC_2/DSC_4356.JPG,/home/vault/iwfa/iwfa018h/FAPS/electricMotor/M2/Top/M2_MC_2/DSC_5859.JPG,1,M2
/home/vault/iwfa/iwfa018h/FAPS/electricMotor/M2/Side/M2_NS_1/DSC_4300.JPG,/home/vault/iwfa/iwfa018h/FAPS/electricMotor/M2/Top/M2_NS_1/DSC_5757.JPG,9,M2
/home/vault/iwfa/iwfa018h/FAPS/electricMotor/M2/Side/M2_NS_4/DSC_4158.JPG,/home/vault/iwfa/iwfa018h/FAPS/electricMotor/M2/Top/M2_NS_4/DSC_5607.JPG,13,M2
/home/vault/iwfa/iwfa018h/FAPS/electricMotor/M2/Side/M2_MC_2/DSC_4371.JPG,/home/vault/iwfa/iwfa018h/FAPS/electricMotor/M2/Top/M2_MC_2/DSC_5866.JPG,1,M2
/home/vault/iwfa/iwfa018h/FAPS/electricMotor/L2/Side/L2_MS_4/DSC_4857.JPG,/home/vault/iwfa/iwfa018h/FAPS/electricMotor/L2/Top/L2_MS_4/DSC_6057.JPG,8,L2
/home/vault/iwfa/iwfa018h/FAPS/electricMotor/M2/Side/M2_NS_2X/DSC_4248.JPG,/home/vault/iwfa/iwfa018h/FAPS/electricMotor/M2/Top/M2_NS_2X/DSC_5678.JPG,11,M2
/home/vault/iwfa/iwfa018h/FAPS/electricMotor/L2/Side/L2_MS_2X/DSC_4784.JPG,/home/vault/iwfa/iwfa018h/FAPS/electricMotor/L2/Top/L2_MS_2X/DSC_5975.JPG,6,L2
/home/vault/iwfa/iwfa018h/FAPS/electricMotor/L2/Side/L2_MC_O/DSC_4876.JPG,/home/vault/iwfa/iwfa018h/FAPS/electricMotor/L2/Top/L2_MC_O/DSC_5372.JPG,2,L2
/home/vault/iwfa/iwfa018h/FAPS/electricMotor/M2/Side/M2_MC_U/DSC_4407.JPG,/home/vault/iwfa/iwfa018h/FAPS/electricMotor/M2/Top/M2_MC_U/DSC_5809.JPG,3,M2
/home/vault/iwfa/iwfa018h/FAPS/electricMotor/M2/Side/M2_C/DSC_4988.JPG,/home/vault/iwfa/iwfa018h/FAPS/electricMotor/M2/Top/M2_C/DSC_5266.JPG,0,M2
/home/vault/iwfa/iwfa018h/FAPS/electricMotor/L2/Side/L2_MS_2I/DSC_4734.JPG,/home/vault/iwfa/iwfa018h/FAPS/electricMotor/L2/Top/L2_MS_2I/DSC_5948.JPG,5,L2
/home/vault/iwfa/iwfa018h/FAPS/electricMotor/L2/Side/L2_MS_4/DSC_4830.JPG,/home/vault/iwfa/iwfa018h/FAPS/electricMotor/L2/Top/L2_MS_4/DSC_6042.JPG,8,L2
/home/vault/iwfa/iwfa018h/FAPS/electricMotor/L2/Side/L2_MC_2/DSC_4964.JPG,/home/vault/iwfa/iwfa018h/FAPS/electricMotor/L2/Top/L2_MC_2/DSC_5312.JPG,1,L2
/home/vault/iwfa/iwfa018h/FAPS/electricMotor/M2/Side/M2_NS_3/DSC_4186.JPG,/home/vault/iwfa/iwfa018h/FAPS/electricMotor/M2/Top/M2_NS_3/DSC_5638.JPG,12,M2
/home/vault/iwfa/iwfa018h/FAPS/electricMotor/M2/Side/M2_NS_4/DSC_4172.JPG,/home/vault/iwfa/iwfa018h/FAPS/electricMotor/M2/Top/M2_NS_4/DSC_5608.JPG,13,M2
/home/vault/iwfa/iwfa018h/FAPS/electricMotor/L2/Side/L2_MS_1/DSC_4686.JPG,/home/vault/iwfa/iwfa018h/FAPS/electricMotor/L2/Top/L2_MS_1/DSC_5880.JPG,4,L2
/home/vault/iwfa/iwfa018h/FAPS/electricMotor/L2/Side/L2_MS_3/DSC_4802.JPG,/home/vault/iwfa/iwfa018h/FAPS/electricMotor/L2/Top/L2_MS_3/DSC_6010.JPG,7,L2
/home/vault/iwfa/iwfa018h/FAPS/electricMotor/M2/Side/M2_NS_4/DSC_4181.JPG,/home/vault/iwfa/iwfa018h/FAPS/electricMotor/M2/Top/M2_NS_4/DSC_5583.JPG,13,M2
/home/vault/iwfa/iwfa018h/FAPS/electricMotor/L2/Side/L2_MC_2/DSC_4965.JPG,/home/vault/iwfa/iwfa018h/FAPS/electricMotor/L2/Top/L2_MC_2/DSC_5304.JPG,1,L2
/home/vault/iwfa/iwfa018h/FAPS/electricMotor/M2/Side/M2_MS_1/DSC_5171.JPG,/home/vault/iwfa/iwfa018h/FAPS/electricMotor/M2/Top/M2_MS_1/DSC_5223.JPG,4,M2
/home/vault/iwfa/iwfa018h/FAPS/electricMotor/L2/Side/L2_MS_2X/DSC_4782.JPG,/home/vault/iwfa/iwfa018h/FAPS/electricMotor/L2/Top/L2_MS_2X/DSC_5966.JPG,6,L2
/home/vault/iwfa/iwfa018h/FAPS/electricMotor/L2/Side/L2_NS_4/DSC_4477.JPG,/home/vault/iwfa/iwfa018h/FAPS/electricMotor/L2/Top/L2_NS_4/DSC_6094.JPG,13,L2
/home/vault/iwfa/iwfa018h/FAPS/electricMotor/L2/Side/L2_MC_2/DSC_4943.JPG,/home/vault/iwfa/iwfa018h/FAPS/electricMotor/L2/Top/L2_MC_2/DSC_5315.JPG,1,L2
/home/vault/iwfa/iwfa018h/FAPS/electricMotor/L2/Side/L2_MS_2I/DSC_4740.JPG,/home/vault/iwfa/iwfa018h/FAPS/electricMotor/L2/Top/L2_MS_2I/DSC_5945.JPG,5,L2
/home/vault/iwfa/iwfa018h/FAPS/electricMotor/M2/Side/M2_NS_3/DSC_4214.JPG,/home/vault/iwfa/iwfa018h/FAPS/electricMotor/M2/Top/M2_NS_3/DSC_5643.JPG,12,M2
/home/vault/iwfa/iwfa018h/FAPS/electricMotor/M2/Side/M2_MC_U/DSC_4375.JPG,/home/vault/iwfa/iwfa018h/FAPS/electricMotor/M2/Top/M2_MC_U/DSC_5837.JPG,3,M2
/home/vault/iwfa/iwfa018h/FAPS/electricMotor/M2/Side/M2_MS_2X/DSC_5144.JPG,/home/vault/iwfa/iwfa018h/FAPS/electricMotor/M2/Top/M2_MS_2X/DSC_5479.JPG,6,M2
/home/vault/iwfa/iwfa018h/FAPS/electricMotor/M2/Side/M2_MS_1/DSC_5166.JPG,/home/vault/iwfa/iwfa018h/FAPS/electricMotor/M2/Top/M2_MS_1/DSC_5233.JPG,4,M2
/home/vault/iwfa/iwfa018h/FAPS/electricMotor/M2/Side/M2_NS_2I/DSC_4289.JPG,/home/vault/iwfa/iwfa018h/FAPS/electricMotor/M2/Top/M2_NS_2I/DSC_5714.JPG,10,M2
/home/vault/iwfa/iwfa018h/FAPS/electricMotor/L2/Side/L2_NS_3/DSC_4520.JPG,/home/vault/iwfa/iwfa018h/FAPS/electricMotor/L2/Top/L2_NS_3/DSC_6125.JPG,12,L2
/home/vault/iwfa/iwfa018h/FAPS/electricMotor/M2/Side/M2_NS_2I/DSC_4281.JPG,/home/vault/iwfa/iwfa018h/FAPS/electricMotor/M2/Top/M2_NS_2I/DSC_5713.JPG,10,M2
/home/vault/iwfa/iwfa018h/FAPS/electricMotor/L2/Side/L2_NS_1/DSC_4618.JPG,/home/vault/iwfa/iwfa018h/FAPS/electricMotor/L2/Top/L2_NS_1/DSC_6239.JPG,9,L2
/home/vault/iwfa/iwfa018h/FAPS/electricMotor/M2/Side/M2_MS_2I/DSC_5112.JPG,/home/vault/iwfa/iwfa018h/FAPS/electricMotor/M2/Top/M2_MS_2I/DSC_5444.JPG,5,M2
/home/vault/iwfa/iwfa018h/FAPS/electricMotor/L2/Side/L2_MS_2I/DSC_4745.JPG,/home/vault/iwfa/iwfa018h/FAPS/electricMotor/L2/Top/L2_MS_2I/DSC_5915.JPG,5,L2
/home/vault/iwfa/iwfa018h/FAPS/electricMotor/M2/Side/M2_NS_2I/DSC_4286.JPG,/home/vault/iwfa/iwfa018h/FAPS/electricMotor/M2/Top/M2_NS_2I/DSC_5711.JPG,10,M2
/home/vault/iwfa/iwfa018h/FAPS/electricMotor/L2/Side/L2_NS_1/DSC_4624.JPG,/home/vault/iwfa/iwfa018h/FAPS/electricMotor/L2/Top/L2_NS_1/DSC_6236.JPG,9,L2
/home/vault/iwfa/iwfa018h/FAPS/electricMotor/L2/Side/L2_C/DSC_4658.JPG,/home/vault/iwfa/iwfa018h/FAPS/electricMotor/L2/Top/L2_C/DSC_5396.JPG,0,L2
/home/vault/iwfa/iwfa018h/FAPS/electricMotor/M2/Side/M2_NS_1/DSC_4313.JPG,/home/vault/iwfa/iwfa018h/FAPS/electricMotor/M2/Top/M2_NS_1/DSC_5750.JPG,9,M2
/home/vault/iwfa/iwfa018h/FAPS/electricMotor/L2/Side/L2_MC_U/DSC_4900.JPG,/home/vault/iwfa/iwfa018h/FAPS/electricMotor/L2/Top/L2_MC_U/DSC_5342.JPG,3,L2
/home/vault/iwfa/iwfa018h/FAPS/electricMotor/L2/Side/L2_NS_4/DSC_4472.JPG,/home/vault/iwfa/iwfa018h/FAPS/electricMotor/L2/Top/L2_NS_4/DSC_6096.JPG,13,L2
/home/vault/iwfa/iwfa018h/FAPS/electricMotor/M2/Side/M2_C/DSC_4994.JPG,/home/vault/iwfa/iwfa018h/FAPS/electricMotor/M2/Top/M2_C/DSC_5267.JPG,0,M2
/home/vault/iwfa/iwfa018h/FAPS/electricMotor/M2/Side/M2_NS_1/DSC_4307.JPG,/home/vault/iwfa/iwfa018h/FAPS/electricMotor/M2/Top/M2_NS_1/DSC_5736.JPG,9,M2
/home/vault/iwfa/iwfa018h/FAPS/electricMotor/M2/Side/M2_MC_U/DSC_4388.JPG,/home/vault/iwfa/iwfa018h/FAPS/electricMotor/M2/Top/M2_MC_U/DSC_5805.JPG,3,M2
/home/vault/iwfa/iwfa018h/FAPS/electricMotor/M2/Side/M2_NS_4/DSC_4165.JPG,/home/vault/iwfa/iwfa018h/FAPS/electricMotor/M2/Top/M2_NS_4/DSC_5594.JPG,13,M2
/home/vault/iwfa/iwfa018h/FAPS/electricMotor/M2/Side/M2_NS_2I/DSC_4267.JPG,/home/vault/iwfa/iwfa018h/FAPS/electricMotor/M2/Top/M2_NS_2I/DSC_5706.JPG,10,M2
/home/vault/iwfa/iwfa018h/FAPS/electricMotor/M2/Side/M2_C/DSC_4985.JPG,/home/vault/iwfa/iwfa018h/FAPS/electricMotor/M2/Top/M2_C/DSC_5261.JPG,0,M2
/home/vault/iwfa/iwfa018h/FAPS/electricMotor/M2/Side/M2_MS_2I/DSC_5088.JPG,/home/vault/iwfa/iwfa018h/FAPS/electricMotor/M2/Top/M2_MS_2I/DSC_5448.JPG,5,M2
/home/vault/iwfa/iwfa018h/FAPS/electricMotor/M2/Side/M2_MS_3/DSC_5069.JPG,/home/vault/iwfa/iwfa018h/FAPS/electricMotor/M2/Top/M2_MS_3/DSC_5532.JPG,7,M2
/home/vault/iwfa/iwfa018h/FAPS/electricMotor/M2/Side/M2_NS_2I/DSC_4278.JPG,/home/vault/iwfa/iwfa018h/FAPS/electricMotor/M2/Top/M2_NS_2I/DSC_5710.JPG,10,M2
/home/vault/iwfa/iwfa018h/FAPS/electricMotor/M2/Side/M2_MS_4/DSC_5040.JPG,/home/vault/iwfa/iwfa018h/FAPS/electricMotor/M2/Top/M2_MS_4/DSC_5565.JPG,8,M2
/home/vault/iwfa/iwfa018h/FAPS/electricMotor/L2/Side/L2_MC_O/DSC_4866.JPG,/home/vault/iwfa/iwfa018h/FAPS/electricMotor/L2/Top/L2_MC_O/DSC_5376.JPG,2,L2
/home/vault/iwfa/iwfa018h/FAPS/electricMotor/M2/Side/M2_MC_2/DSC_4351.JPG,/home/vault/iwfa/iwfa018h/FAPS/electricMotor/M2/Top/M2_MC_2/DSC_5847.JPG,1,M2
/home/vault/iwfa/iwfa018h/FAPS/electricMotor/M2/Side/M2_MC_O/DSC_4434.JPG,/home/vault/iwfa/iwfa018h/FAPS/electricMotor/M2/Top/M2_MC_O/DSC_5795.JPG,2,M2
/home/vault/iwfa/iwfa018h/FAPS/electricMotor/L2/Side/L2_MS_2I/DSC_4733.JPG,/home/vault/iwfa/iwfa018h/FAPS/electricMotor/L2/Top/L2_MS_2I/DSC_5923.JPG,5,L2
/home/vault/iwfa/iwfa018h/FAPS/electricMotor/M2/Side/M2_NS_4/DSC_4176.JPG,/home/vault/iwfa/iwfa018h/FAPS/electricMotor/M2/Top/M2_NS_4/DSC_5595.JPG,13,M2
/home/vault/iwfa/iwfa018h/FAPS/electricMotor/L2/Side/L2_MS_1/DSC_4707.JPG,/home/vault/iwfa/iwfa018h/FAPS/electricMotor/L2/Top/L2_MS_1/DSC_5890.JPG,4,L2
/home/vault/iwfa/iwfa018h/FAPS/electricMotor/L2/Side/L2_NS_2I/DSC_4570.JPG,/home/vault/iwfa/iwfa018h/FAPS/electricMotor/L2/Top/L2_NS_2I/DSC_6179.JPG,10,L2
/home/vault/iwfa/iwfa018h/FAPS/electricMotor/L2/Side/L2_NS_1/DSC_4635.JPG,/home/vault/iwfa/iwfa018h/FAPS/electricMotor/L2/Top/L2_NS_1/DSC_6244.JPG,9,L2
/home/vault/iwfa/iwfa018h/FAPS/electricMotor/L2/Side/L2_C/DSC_4639.JPG,/home/vault/iwfa/iwfa018h/FAPS/electricMotor/L2/Top/L2_C/DSC_5400.JPG,0,L2
/home/vault/iwfa/iwfa018h/FAPS/electricMotor/L2/Side/L2_MC_U/DSC_4917.JPG,/home/vault/iwfa/iwfa018h/FAPS/electricMotor/L2/Top/L2_MC_U/DSC_5333.JPG,3,L2
/home/vault/iwfa/iwfa018h/FAPS/electricMotor/M2/Side/M2_MS_2X/DSC_5147.JPG,/home/vault/iwfa/iwfa018h/FAPS/electricMotor/M2/Top/M2_MS_2X/DSC_5495.JPG,6,M2
/home/vault/iwfa/iwfa018h/FAPS/electricMotor/L2/Side/L2_MS_2I/DSC_4721.JPG,/home/vault/iwfa/iwfa018h/FAPS/electricMotor/L2/Top/L2_MS_2I/DSC_5921.JPG,5,L2
/home/vault/iwfa/iwfa018h/FAPS/electricMotor/L2/Side/L2_MS_2X/DSC_4770.JPG,/home/vault/iwfa/iwfa018h/FAPS/electricMotor/L2/Top/L2_MS_2X/DSC_5965.JPG,6,L2
/home/vault/iwfa/iwfa018h/FAPS/electricMotor/L2/Side/L2_NS_3/DSC_4500.JPG,/home/vault/iwfa/iwfa018h/FAPS/electricMotor/L2/Top/L2_NS_3/DSC_6121.JPG,12,L2
/home/vault/iwfa/iwfa018h/FAPS/electricMotor/L2/Side/L2_NS_1/DSC_4622.JPG,/home/vault/iwfa/iwfa018h/FAPS/electricMotor/L2/Top/L2_NS_1/DSC_6245.JPG,9,L2
/home/vault/iwfa/iwfa018h/FAPS/electricMotor/L2/Side/L2_MS_2X/DSC_4764.JPG,/home/vault/iwfa/iwfa018h/FAPS/electricMotor/L2/Top/L2_MS_2X/DSC_5980.JPG,6,L2
/home/vault/iwfa/iwfa018h/FAPS/electricMotor/L2/Side/L2_MS_4/DSC_4844.JPG,/home/vault/iwfa/iwfa018h/FAPS/electricMotor/L2/Top/L2_MS_4/DSC_6046.JPG,8,L2
/home/vault/iwfa/iwfa018h/FAPS/electricMotor/M2/Side/M2_MS_2X/DSC_5143.JPG,/home/vault/iwfa/iwfa018h/FAPS/electricMotor/M2/Top/M2_MS_2X/DSC_5478.JPG,6,M2
/home/vault/iwfa/iwfa018h/FAPS/electricMotor/M2/Side/M2_NS_4/DSC_4170.JPG,/home/vault/iwfa/iwfa018h/FAPS/electricMotor/M2/Top/M2_NS_4/DSC_5609.JPG,13,M2
/home/vault/iwfa/iwfa018h/FAPS/electricMotor/L2/Side/L2_MS_4/DSC_4852.JPG,/home/vault/iwfa/iwfa018h/FAPS/electricMotor/L2/Top/L2_MS_4/DSC_6052.JPG,8,L2
/home/vault/iwfa/iwfa018h/FAPS/electricMotor/M2/Side/M2_MS_4/DSC_5042.JPG,/home/vault/iwfa/iwfa018h/FAPS/electricMotor/M2/Top/M2_MS_4/DSC_5558.JPG,8,M2
/home/vault/iwfa/iwfa018h/FAPS/electricMotor/M2/Side/M2_MC_U/DSC_4406.JPG,/home/vault/iwfa/iwfa018h/FAPS/electricMotor/M2/Top/M2_MC_U/DSC_5832.JPG,3,M2
/home/vault/iwfa/iwfa018h/FAPS/electricMotor/M2/Side/M2_MC_2/DSC_4366.JPG,/home/vault/iwfa/iwfa018h/FAPS/electricMotor/M2/Top/M2_MC_2/DSC_5868.JPG,1,M2
/home/vault/iwfa/iwfa018h/FAPS/electricMotor/L2/Side/L2_MC_U/DSC_4909.JPG,/home/vault/iwfa/iwfa018h/FAPS/electricMotor/L2/Top/L2_MC_U/DSC_5349.JPG,3,L2
/home/vault/iwfa/iwfa018h/FAPS/electricMotor/L2/Side/L2_NS_1/DSC_4616.JPG,/home/vault/iwfa/iwfa018h/FAPS/electricMotor/L2/Top/L2_NS_1/DSC_6241.JPG,9,L2
/home/vault/iwfa/iwfa018h/FAPS/electricMotor/L2/Side/L2_NS_2X/DSC_4558.JPG,/home/vault/iwfa/iwfa018h/FAPS/electricMotor/L2/Top/L2_NS_2X/DSC_6156.JPG,11,L2
/home/vault/iwfa/iwfa018h/FAPS/electricMotor/M2/Side/M2_C/DSC_4986.JPG,/home/vault/iwfa/iwfa018h/FAPS/electricMotor/M2/Top/M2_C/DSC_5252.JPG,0,M2
/home/vault/iwfa/iwfa018h/FAPS/electricMotor/M2/Side/M2_MC_U/DSC_4393.JPG,/home/vault/iwfa/iwfa018h/FAPS/electricMotor/M2/Top/M2_MC_U/DSC_5839.JPG,3,M2
/home/vault/iwfa/iwfa018h/FAPS/electricMotor/L2/Side/L2_MS_3/DSC_4798.JPG,/home/vault/iwfa/iwfa018h/FAPS/electricMotor/L2/Top/L2_MS_3/DSC_5997.JPG,7,L2
/home/vault/iwfa/iwfa018h/FAPS/electricMotor/M2/Side/M2_MS_3/DSC_5055.JPG,/home/vault/iwfa/iwfa018h/FAPS/electricMotor/M2/Top/M2_MS_3/DSC_5513.JPG,7,M2
/home/vault/iwfa/iwfa018h/FAPS/electricMotor/M2/Side/M2_NS_4/DSC_4168.JPG,/home/vault/iwfa/iwfa018h/FAPS/electricMotor/M2/Top/M2_NS_4/DSC_5591.JPG,13,M2
/home/vault/iwfa/iwfa018h/FAPS/electricMotor/L2/Side/L2_NS_4/DSC_4483.JPG,/home/vault/iwfa/iwfa018h/FAPS/electricMotor/L2/Top/L2_NS_4/DSC_6066.JPG,13,L2
/home/vault/iwfa/iwfa018h/FAPS/electricMotor/L2/Side/L2_NS_1/DSC_4625.JPG,/home/vault/iwfa/iwfa018h/FAPS/electricMotor/L2/Top/L2_NS_1/DSC_6224.JPG,9,L2
/home/vault/iwfa/iwfa018h/FAPS/electricMotor/M2/Side/M2_MC_U/DSC_4385.JPG,/home/vault/iwfa/iwfa018h/FAPS/electricMotor/M2/Top/M2_MC_U/DSC_5813.JPG,3,M2
/home/vault/iwfa/iwfa018h/FAPS/electricMotor/M2/Side/M2_C/DSC_4979.JPG,/home/vault/iwfa/iwfa018h/FAPS/electricMotor/M2/Top/M2_C/DSC_5271.JPG,0,M2
/home/vault/iwfa/iwfa018h/FAPS/electricMotor/M2/Side/M2_C/DSC_4982.JPG,/home/vault/iwfa/iwfa018h/FAPS/electricMotor/M2/Top/M2_C/DSC_5256.JPG,0,M2
/home/vault/iwfa/iwfa018h/FAPS/electricMotor/M2/Side/M2_NS_2I/DSC_4280.JPG,/home/vault/iwfa/iwfa018h/FAPS/electricMotor/M2/Top/M2_NS_2I/DSC_5723.JPG,10,M2
/home/vault/iwfa/iwfa018h/FAPS/electricMotor/L2/Side/L2_MS_1/DSC_4682.JPG,/home/vault/iwfa/iwfa018h/FAPS/electricMotor/L2/Top/L2_MS_1/DSC_5893.JPG,4,L2
/home/vault/iwfa/iwfa018h/FAPS/electricMotor/M2/Side/M2_MS_1/DSC_5187.JPG,/home/vault/iwfa/iwfa018h/FAPS/electricMotor/M2/Top/M2_MS_1/DSC_5240.JPG,4,M2
/home/vault/iwfa/iwfa018h/FAPS/electricMotor/M2/Side/M2_NS_2I/DSC_4287.JPG,/home/vault/iwfa/iwfa018h/FAPS/electricMotor/M2/Top/M2_NS_2I/DSC_5725.JPG,10,M2
/home/vault/iwfa/iwfa018h/FAPS/electricMotor/L2/Side/L2_NS_2X/DSC_4547.JPG,/home/vault/iwfa/iwfa018h/FAPS/electricMotor/L2/Top/L2_NS_2X/DSC_6164.JPG,11,L2
/home/vault/iwfa/iwfa018h/FAPS/electricMotor/L2/Side/L2_NS_2I/DSC_4582.JPG,/home/vault/iwfa/iwfa018h/FAPS/electricMotor/L2/Top/L2_NS_2I/DSC_6197.JPG,10,L2
/home/vault/iwfa/iwfa018h/FAPS/electricMotor/L2/Side/L2_NS_2I/DSC_4565.JPG,/home/vault/iwfa/iwfa018h/FAPS/electricMotor/L2/Top/L2_NS_2I/DSC_6184.JPG,10,L2
/home/vault/iwfa/iwfa018h/FAPS/electricMotor/M2/Side/M2_NS_2I/DSC_4276.JPG,/home/vault/iwfa/iwfa018h/FAPS/electricMotor/M2/Top/M2_NS_2I/DSC_5690.JPG,10,M2
/home/vault/iwfa/iwfa018h/FAPS/electricMotor/M2/Side/M2_MS_2X/DSC_5134.JPG,/home/vault/iwfa/iwfa018h/FAPS/electricMotor/M2/Top/M2_MS_2X/DSC_5475.JPG,6,M2
/home/vault/iwfa/iwfa018h/FAPS/electricMotor/L2/Side/L2_MS_1/DSC_4700.JPG,/home/vault/iwfa/iwfa018h/FAPS/electricMotor/L2/Top/L2_MS_1/DSC_5906.JPG,4,L2
/home/vault/iwfa/iwfa018h/FAPS/electricMotor/L2/Side/L2_MC_O/DSC_4879.JPG,/home/vault/iwfa/iwfa018h/FAPS/electricMotor/L2/Top/L2_MC_O/DSC_5366.JPG,2,L2
/home/vault/iwfa/iwfa018h/FAPS/electricMotor/M2/Side/M2_C/DSC_5008.JPG,/home/vault/iwfa/iwfa018h/FAPS/electricMotor/M2/Top/M2_C/DSC_5262.JPG,0,M2
/home/vault/iwfa/iwfa018h/FAPS/electricMotor/M2/Side/M2_NS_4/DSC_4140.JPG,/home/vault/iwfa/iwfa018h/FAPS/electricMotor/M2/Top/M2_NS_4/DSC_5613.JPG,13,M2
/home/vault/iwfa/iwfa018h/FAPS/electricMotor/M2/Side/M2_NS_2I/DSC_4275.JPG,/home/vault/iwfa/iwfa018h/FAPS/electricMotor/M2/Top/M2_NS_2I/DSC_5695.JPG,10,M2
/home/vault/iwfa/iwfa018h/FAPS/electricMotor/M2/Side/M2_MC_2/DSC_4355.JPG,/home/vault/iwfa/iwfa018h/FAPS/electricMotor/M2/Top/M2_MC_2/DSC_5844.JPG,1,M2
/home/vault/iwfa/iwfa018h/FAPS/electricMotor/M2/Side/M2_NS_3/DSC_4189.JPG,/home/vault/iwfa/iwfa018h/FAPS/electricMotor/M2/Top/M2_NS_3/DSC_5623.JPG,12,M2
/home/vault/iwfa/iwfa018h/FAPS/electricMotor/L2/Side/L2_MS_3/DSC_4820.JPG,/home/vault/iwfa/iwfa018h/FAPS/electricMotor/L2/Top/L2_MS_3/DSC_6017.JPG,7,L2
/home/vault/iwfa/iwfa018h/FAPS/electricMotor/L2/Side/L2_MS_4/DSC_4847.JPG,/home/vault/iwfa/iwfa018h/FAPS/electricMotor/L2/Top/L2_MS_4/DSC_6035.JPG,8,L2
/home/vault/iwfa/iwfa018h/FAPS/electricMotor/L2/Side/L2_MS_3/DSC_4801.JPG,/home/vault/iwfa/iwfa018h/FAPS/electricMotor/L2/Top/L2_MS_3/DSC_6016.JPG,7,L2
/home/vault/iwfa/iwfa018h/FAPS/electricMotor/M2/Side/M2_NS_3/DSC_4187.JPG,/home/vault/iwfa/iwfa018h/FAPS/electricMotor/M2/Top/M2_NS_3/DSC_5627.JPG,12,M2
/home/vault/iwfa/iwfa018h/FAPS/electricMotor/M2/Side/M2_NS_1/DSC_4312.JPG,/home/vault/iwfa/iwfa018h/FAPS/electricMotor/M2/Top/M2_NS_1/DSC_5732.JPG,9,M2
/home/vault/iwfa/iwfa018h/FAPS/electricMotor/L2/Side/L2_MS_2I/DSC_4724.JPG,/home/vault/iwfa/iwfa018h/FAPS/electricMotor/L2/Top/L2_MS_2I/DSC_5949.JPG,5,L2
/home/vault/iwfa/iwfa018h/FAPS/electricMotor/M2/Side/M2_MS_4/DSC_5046.JPG,/home/vault/iwfa/iwfa018h/FAPS/electricMotor/M2/Top/M2_MS_4/DSC_5553.JPG,8,M2
/home/vault/iwfa/iwfa018h/FAPS/electricMotor/M2/Side/M2_NS_1/DSC_4308.JPG,/home/vault/iwfa/iwfa018h/FAPS/electricMotor/M2/Top/M2_NS_1/DSC_5749.JPG,9,M2
/home/vault/iwfa/iwfa018h/FAPS/electricMotor/L2/Side/L2_MS_4/DSC_4826.JPG,/home/vault/iwfa/iwfa018h/FAPS/electricMotor/L2/Top/L2_MS_4/DSC_6029.JPG,8,L2
/home/vault/iwfa/iwfa018h/FAPS/electricMotor/M2/Side/M2_NS_1/DSC_4319.JPG,/home/vault/iwfa/iwfa018h/FAPS/electricMotor/M2/Top/M2_NS_1/DSC_5759.JPG,9,M2
/home/vault/iwfa/iwfa018h/FAPS/electricMotor/L2/Side/L2_MS_2X/DSC_4761.JPG,/home/vault/iwfa/iwfa018h/FAPS/electricMotor/L2/Top/L2_MS_2X/DSC_5960.JPG,6,L2
/home/vault/iwfa/iwfa018h/FAPS/electricMotor/L2/Side/L2_MS_2X/DSC_4779.JPG,/home/vault/iwfa/iwfa018h/FAPS/electricMotor/L2/Top/L2_MS_2X/DSC_5967.JPG,6,L2
/home/vault/iwfa/iwfa018h/FAPS/electricMotor/M2/Side/M2_MC_U/DSC_4374.JPG,/home/vault/iwfa/iwfa018h/FAPS/electricMotor/M2/Top/M2_MC_U/DSC_5814.JPG,3,M2
/home/vault/iwfa/iwfa018h/FAPS/electricMotor/M2/Side/M2_MC_2/DSC_4365.JPG,/home/vault/iwfa/iwfa018h/FAPS/electricMotor/M2/Top/M2_MC_2/DSC_5872.JPG,1,M2
/home/vault/iwfa/iwfa018h/FAPS/electricMotor/M2/Side/M2_MC_O/DSC_4438.JPG,/home/vault/iwfa/iwfa018h/FAPS/electricMotor/M2/Top/M2_MC_O/DSC_5780.JPG,2,M2
/home/vault/iwfa/iwfa018h/FAPS/electricMotor/L2/Side/L2_NS_4/DSC_4479.JPG,/home/vault/iwfa/iwfa018h/FAPS/electricMotor/L2/Top/L2_NS_4/DSC_6070.JPG,13,L2
/home/vault/iwfa/iwfa018h/FAPS/electricMotor/L2/Side/L2_MC_U/DSC_4908.JPG,/home/vault/iwfa/iwfa018h/FAPS/electricMotor/L2/Top/L2_MC_U/DSC_5322.JPG,3,L2
/home/vault/iwfa/iwfa018h/FAPS/electricMotor/L2/Side/L2_NS_2I/DSC_4578.JPG,/home/vault/iwfa/iwfa018h/FAPS/electricMotor/L2/Top/L2_NS_2I/DSC_6209.JPG,10,L2
/home/vault/iwfa/iwfa018h/FAPS/electricMotor/M2/Side/M2_MC_O/DSC_4424.JPG,/home/vault/iwfa/iwfa018h/FAPS/electricMotor/M2/Top/M2_MC_O/DSC_5794.JPG,2,M2
/home/vault/iwfa/iwfa018h/FAPS/electricMotor/M2/Side/M2_NS_3/DSC_4220.JPG,/home/vault/iwfa/iwfa018h/FAPS/electricMotor/M2/Top/M2_NS_3/DSC_5649.JPG,12,M2
/home/vault/iwfa/iwfa018h/FAPS/electricMotor/M2/Side/M2_NS_2X/DSC_4246.JPG,/home/vault/iwfa/iwfa018h/FAPS/electricMotor/M2/Top/M2_NS_2X/DSC_5679.JPG,11,M2
/home/vault/iwfa/iwfa018h/FAPS/electricMotor/M2/Side/M2_MS_4/DSC_5012.JPG,/home/vault/iwfa/iwfa018h/FAPS/electricMotor/M2/Top/M2_MS_4/DSC_5566.JPG,8,M2
/home/vault/iwfa/iwfa018h/FAPS/electricMotor/L2/Side/L2_MC_2/DSC_4972.JPG,/home/vault/iwfa/iwfa018h/FAPS/electricMotor/L2/Top/L2_MC_2/DSC_5307.JPG,1,L2
/home/vault/iwfa/iwfa018h/FAPS/electricMotor/M2/Side/M2_NS_2X/DSC_4250.JPG,/home/vault/iwfa/iwfa018h/FAPS/electricMotor/M2/Top/M2_NS_2X/DSC_5677.JPG,11,M2
/home/vault/iwfa/iwfa018h/FAPS/electricMotor/L2/Side/L2_MS_2X/DSC_4769.JPG,/home/vault/iwfa/iwfa018h/FAPS/electricMotor/L2/Top/L2_MS_2X/DSC_5952.JPG,6,L2
/home/vault/iwfa/iwfa018h/FAPS/electricMotor/L2/Side/L2_MC_O/DSC_4862.JPG,/home/vault/iwfa/iwfa018h/FAPS/electricMotor/L2/Top/L2_MC_O/DSC_5370.JPG,2,L2
/home/vault/iwfa/iwfa018h/FAPS/electricMotor/M2/Side/M2_C/DSC_4981.JPG,/home/vault/iwfa/iwfa018h/FAPS/electricMotor/M2/Top/M2_C/DSC_5260.JPG,0,M2
/home/vault/iwfa/iwfa018h/FAPS/electricMotor/M2/Side/M2_MC_O/DSC_4429.JPG,/home/vault/iwfa/iwfa018h/FAPS/electricMotor/M2/Top/M2_MC_O/DSC_5775.JPG,2,M2
/home/vault/iwfa/iwfa018h/FAPS/electricMotor/M2/Side/M2_C/DSC_4990.JPG,/home/vault/iwfa/iwfa018h/FAPS/electricMotor/M2/Top/M2_C/DSC_5268.JPG,0,M2
/home/vault/iwfa/iwfa018h/FAPS/electricMotor/L2/Side/L2_C/DSC_4643.JPG,/home/vault/iwfa/iwfa018h/FAPS/electricMotor/L2/Top/L2_C/DSC_5392.JPG,0,L2
/home/vault/iwfa/iwfa018h/FAPS/electricMotor/L2/Side/L2_MC_U/DSC_4918.JPG,/home/vault/iwfa/iwfa018h/FAPS/electricMotor/L2/Top/L2_MC_U/DSC_5328.JPG,3,L2
/home/vault/iwfa/iwfa018h/FAPS/electricMotor/L2/Side/L2_MC_O/DSC_4888.JPG,/home/vault/iwfa/iwfa018h/FAPS/electricMotor/L2/Top/L2_MC_O/DSC_5384.JPG,2,L2
/home/vault/iwfa/iwfa018h/FAPS/electricMotor/L2/Side/L2_NS_2I/DSC_4587.JPG,/home/vault/iwfa/iwfa018h/FAPS/electricMotor/L2/Top/L2_NS_2I/DSC_6203.JPG,10,L2
/home/vault/iwfa/iwfa018h/FAPS/electricMotor/M2/Side/M2_MS_4/DSC_5037.JPG,/home/vault/iwfa/iwfa018h/FAPS/electricMotor/M2/Top/M2_MS_4/DSC_5561.JPG,8,M2
/home/vault/iwfa/iwfa018h/FAPS/electricMotor/L2/Side/L2_C/DSC_4640.JPG,/home/vault/iwfa/iwfa018h/FAPS/electricMotor/L2/Top/L2_C/DSC_5420.JPG,0,L2
/home/vault/iwfa/iwfa018h/FAPS/electricMotor/M2/Side/M2_MC_2/DSC_4357.JPG,/home/vault/iwfa/iwfa018h/FAPS/electricMotor/M2/Top/M2_MC_2/DSC_5845.JPG,1,M2
/home/vault/iwfa/iwfa018h/FAPS/electricMotor/M2/Side/M2_MS_3/DSC_5057.JPG,/home/vault/iwfa/iwfa018h/FAPS/electricMotor/M2/Top/M2_MS_3/DSC_5523.JPG,7,M2
/home/vault/iwfa/iwfa018h/FAPS/electricMotor/M2/Side/M2_NS_3/DSC_4213.JPG,/home/vault/iwfa/iwfa018h/FAPS/electricMotor/M2/Top/M2_NS_3/DSC_5647.JPG,12,M2
/home/vault/iwfa/iwfa018h/FAPS/electricMotor/M2/Side/M2_MS_4/DSC_5015.JPG,/home/vault/iwfa/iwfa018h/FAPS/electricMotor/M2/Top/M2_MS_4/DSC_5554.JPG,8,M2
/home/vault/iwfa/iwfa018h/FAPS/electricMotor/M2/Side/M2_MS_2I/DSC_5114.JPG,/home/vault/iwfa/iwfa018h/FAPS/electricMotor/M2/Top/M2_MS_2I/DSC_5439.JPG,5,M2
/home/vault/iwfa/iwfa018h/FAPS/electricMotor/L2/Side/L2_C/DSC_4652.JPG,/home/vault/iwfa/iwfa018h/FAPS/electricMotor/L2/Top/L2_C/DSC_5397.JPG,0,L2
/home/vault/iwfa/iwfa018h/FAPS/electricMotor/M2/Side/M2_C/DSC_4992.JPG,/home/vault/iwfa/iwfa018h/FAPS/electricMotor/M2/Top/M2_C/DSC_5269.JPG,0,M2
/home/vault/iwfa/iwfa018h/FAPS/electricMotor/M2/Side/M2_NS_2I/DSC_4284.JPG,/home/vault/iwfa/iwfa018h/FAPS/electricMotor/M2/Top/M2_NS_2I/DSC_5718.JPG,10,M2
/home/vault/iwfa/iwfa018h/FAPS/electricMotor/L2/Side/L2_NS_1/DSC_4632.JPG,/home/vault/iwfa/iwfa018h/FAPS/electricMotor/L2/Top/L2_NS_1/DSC_6229.JPG,9,L2
/home/vault/iwfa/iwfa018h/FAPS/electricMotor/M2/Side/M2_NS_2I/DSC_4268.JPG,/home/vault/iwfa/iwfa018h/FAPS/electricMotor/M2/Top/M2_NS_2I/DSC_5701.JPG,10,M2
/home/vault/iwfa/iwfa018h/FAPS/electricMotor/M2/Side/M2_MS_2X/DSC_5152.JPG,/home/vault/iwfa/iwfa018h/FAPS/electricMotor/M2/Top/M2_MS_2X/DSC_5476.JPG,6,M2
/home/vault/iwfa/iwfa018h/FAPS/electricMotor/L2/Side/L2_MS_2I/DSC_4746.JPG,/home/vault/iwfa/iwfa018h/FAPS/electricMotor/L2/Top/L2_MS_2I/DSC_5917.JPG,5,L2
/home/vault/iwfa/iwfa018h/FAPS/electricMotor/M2/Side/M2_MS_3/DSC_5074.JPG,/home/vault/iwfa/iwfa018h/FAPS/electricMotor/M2/Top/M2_MS_3/DSC_5529.JPG,7,M2
/home/vault/iwfa/iwfa018h/FAPS/electricMotor/M2/Side/M2_MC_O/DSC_4415.JPG,/home/vault/iwfa/iwfa018h/FAPS/electricMotor/M2/Top/M2_MC_O/DSC_5783.JPG,2,M2
/home/vault/iwfa/iwfa018h/FAPS/electricMotor/L2/Side/L2_NS_1/DSC_4602.JPG,/home/vault/iwfa/iwfa018h/FAPS/electricMotor/L2/Top/L2_NS_1/DSC_6216.JPG,9,L2
/home/vault/iwfa/iwfa018h/FAPS/electricMotor/M2/Side/M2_MC_U/DSC_4382.JPG,/home/vault/iwfa/iwfa018h/FAPS/electricMotor/M2/Top/M2_MC_U/DSC_5812.JPG,3,M2
/home/vault/iwfa/iwfa018h/FAPS/electricMotor/L2/Side/L2_NS_3/DSC_4497.JPG,/home/vault/iwfa/iwfa018h/FAPS/electricMotor/L2/Top/L2_NS_3/DSC_6124.JPG,12,L2
/home/vault/iwfa/iwfa018h/FAPS/electricMotor/M2/Side/M2_MS_2X/DSC_5157.JPG,/home/vault/iwfa/iwfa018h/FAPS/electricMotor/M2/Top/M2_MS_2X/DSC_5491.JPG,6,M2
/home/vault/iwfa/iwfa018h/FAPS/electricMotor/M2/Side/M2_NS_2X/DSC_4241.JPG,/home/vault/iwfa/iwfa018h/FAPS/electricMotor/M2/Top/M2_NS_2X/DSC_5680.JPG,11,M2
/home/vault/iwfa/iwfa018h/FAPS/electricMotor/L2/Side/L2_MC_2/DSC_4957.JPG,/home/vault/iwfa/iwfa018h/FAPS/electricMotor/L2/Top/L2_MC_2/DSC_5285.JPG,1,L2
/home/vault/iwfa/iwfa018h/FAPS/electricMotor/L2/Side/L2_NS_1/DSC_4633.JPG,/home/vault/iwfa/iwfa018h/FAPS/electricMotor/L2/Top/L2_NS_1/DSC_6223.JPG,9,L2
/home/vault/iwfa/iwfa018h/FAPS/electricMotor/M2/Side/M2_MC_2/DSC_4343.JPG,/home/vault/iwfa/iwfa018h/FAPS/electricMotor/M2/Top/M2_MC_2/DSC_5843.JPG,1,M2
/home/vault/iwfa/iwfa018h/FAPS/electricMotor/M2/Side/M2_NS_1/DSC_4322.JPG,/home/vault/iwfa/iwfa018h/FAPS/electricMotor/M2/Top/M2_NS_1/DSC_5761.JPG,9,M2
/home/vault/iwfa/iwfa018h/FAPS/electricMotor/L2/Side/L2_MC_O/DSC_4871.JPG,/home/vault/iwfa/iwfa018h/FAPS/electricMotor/L2/Top/L2_MC_O/DSC_5368.JPG,2,L2
/home/vault/iwfa/iwfa018h/FAPS/electricMotor/L2/Side/L2_C/DSC_4648.JPG,/home/vault/iwfa/iwfa018h/FAPS/electricMotor/L2/Top/L2_C/DSC_5394.JPG,0,L2
/home/vault/iwfa/iwfa018h/FAPS/electricMotor/L2/Side/L2_NS_4/DSC_4454.JPG,/home/vault/iwfa/iwfa018h/FAPS/electricMotor/L2/Top/L2_NS_4/DSC_6072.JPG,13,L2
/home/vault/iwfa/iwfa018h/FAPS/electricMotor/L2/Side/L2_MS_2X/DSC_4777.JPG,/home/vault/iwfa/iwfa018h/FAPS/electricMotor/L2/Top/L2_MS_2X/DSC_5963.JPG,6,L2
/home/vault/iwfa/iwfa018h/FAPS/electricMotor/L2/Side/L2_MC_U/DSC_4899.JPG,/home/vault/iwfa/iwfa018h/FAPS/electricMotor/L2/Top/L2_MC_U/DSC_5321.JPG,3,L2
/home/vault/iwfa/iwfa018h/FAPS/electricMotor/M2/Side/M2_MC_U/DSC_4405.JPG,/home/vault/iwfa/iwfa018h/FAPS/electricMotor/M2/Top/M2_MC_U/DSC_5808.JPG,3,M2
/home/vault/iwfa/iwfa018h/FAPS/electricMotor/M2/Side/M2_MS_3/DSC_5052.JPG,/home/vault/iwfa/iwfa018h/FAPS/electricMotor/M2/Top/M2_MS_3/DSC_5535.JPG,7,M2
/home/vault/iwfa/iwfa018h/FAPS/electricMotor/L2/Side/L2_MS_1/DSC_4683.JPG,/home/vault/iwfa/iwfa018h/FAPS/electricMotor/L2/Top/L2_MS_1/DSC_5901.JPG,4,L2
/home/vault/iwfa/iwfa018h/FAPS/electricMotor/L2/Side/L2_MC_U/DSC_4911.JPG,/home/vault/iwfa/iwfa018h/FAPS/electricMotor/L2/Top/L2_MC_U/DSC_5326.JPG,3,L2
/home/vault/iwfa/iwfa018h/FAPS/electricMotor/L2/Side/L2_MS_2I/DSC_4744.JPG,/home/vault/iwfa/iwfa018h/FAPS/electricMotor/L2/Top/L2_MS_2I/DSC_5934.JPG,5,L2
/home/vault/iwfa/iwfa018h/FAPS/electricMotor/L2/Side/L2_NS_4/DSC_4453.JPG,/home/vault/iwfa/iwfa018h/FAPS/electricMotor/L2/Top/L2_NS_4/DSC_6093.JPG,13,L2
/home/vault/iwfa/iwfa018h/FAPS/electricMotor/L2/Side/L2_NS_3/DSC_4493.JPG,/home/vault/iwfa/iwfa018h/FAPS/electricMotor/L2/Top/L2_NS_3/DSC_6135.JPG,12,L2
/home/vault/iwfa/iwfa018h/FAPS/electricMotor/L2/Side/L2_MS_4/DSC_4846.JPG,/home/vault/iwfa/iwfa018h/FAPS/electricMotor/L2/Top/L2_MS_4/DSC_6040.JPG,8,L2
/home/vault/iwfa/iwfa018h/FAPS/electricMotor/L2/Side/L2_NS_1/DSC_4601.JPG,/home/vault/iwfa/iwfa018h/FAPS/electricMotor/L2/Top/L2_NS_1/DSC_6218.JPG,9,L2
/home/vault/iwfa/iwfa018h/FAPS/electricMotor/L2/Side/L2_NS_4/DSC_4460.JPG,/home/vault/iwfa/iwfa018h/FAPS/electricMotor/L2/Top/L2_NS_4/DSC_6078.JPG,13,L2
/home/vault/iwfa/iwfa018h/FAPS/electricMotor/M2/Side/M2_NS_2X/DSC_4235.JPG,/home/vault/iwfa/iwfa018h/FAPS/electricMotor/M2/Top/M2_NS_2X/DSC_5688.JPG,11,M2
/home/vault/iwfa/iwfa018h/FAPS/electricMotor/L2/Side/L2_NS_2X/DSC_4556.JPG,/home/vault/iwfa/iwfa018h/FAPS/electricMotor/L2/Top/L2_NS_2X/DSC_6149.JPG,11,L2
/home/vault/iwfa/iwfa018h/FAPS/electricMotor/M2/Side/M2_NS_2I/DSC_4285.JPG,/home/vault/iwfa/iwfa018h/FAPS/electricMotor/M2/Top/M2_NS_2I/DSC_5699.JPG,10,M2
/home/vault/iwfa/iwfa018h/FAPS/electricMotor/L2/Side/L2_MC_U/DSC_4907.JPG,/home/vault/iwfa/iwfa018h/FAPS/electricMotor/L2/Top/L2_MC_U/DSC_5318.JPG,3,L2
/home/vault/iwfa/iwfa018h/FAPS/electricMotor/M2/Side/M2_C/DSC_5003.JPG,/home/vault/iwfa/iwfa018h/FAPS/electricMotor/M2/Top/M2_C/DSC_5279.JPG,0,M2
/home/vault/iwfa/iwfa018h/FAPS/electricMotor/L2/Side/L2_MS_2I/DSC_4743.JPG,/home/vault/iwfa/iwfa018h/FAPS/electricMotor/L2/Top/L2_MS_2I/DSC_5925.JPG,5,L2
/home/vault/iwfa/iwfa018h/FAPS/electricMotor/L2/Side/L2_MC_2/DSC_4969.JPG,/home/vault/iwfa/iwfa018h/FAPS/electricMotor/L2/Top/L2_MC_2/DSC_5286.JPG,1,L2
/home/vault/iwfa/iwfa018h/FAPS/electricMotor/L2/Side/L2_MS_4/DSC_4843.JPG,/home/vault/iwfa/iwfa018h/FAPS/electricMotor/L2/Top/L2_MS_4/DSC_6051.JPG,8,L2
/home/vault/iwfa/iwfa018h/FAPS/electricMotor/M2/Side/M2_NS_2X/DSC_4257.JPG,/home/vault/iwfa/iwfa018h/FAPS/electricMotor/M2/Top/M2_NS_2X/DSC_6251.JPG,11,M2
/home/vault/iwfa/iwfa018h/FAPS/electricMotor/L2/Side/L2_MC_2/DSC_4945.JPG,/home/vault/iwfa/iwfa018h/FAPS/electricMotor/L2/Top/L2_MC_2/DSC_5316.JPG,1,L2
/home/vault/iwfa/iwfa018h/FAPS/electricMotor/M2/Side/M2_NS_2I/DSC_4288.JPG,/home/vault/iwfa/iwfa018h/FAPS/electricMotor/M2/Top/M2_NS_2I/DSC_5704.JPG,10,M2
/home/vault/iwfa/iwfa018h/FAPS/electricMotor/L2/Side/L2_MS_2X/DSC_4766.JPG,/home/vault/iwfa/iwfa018h/FAPS/electricMotor/L2/Top/L2_MS_2X/DSC_5973.JPG,6,L2
/home/vault/iwfa/iwfa018h/FAPS/electricMotor/M2/Side/M2_MS_3/DSC_5072.JPG,/home/vault/iwfa/iwfa018h/FAPS/electricMotor/M2/Top/M2_MS_3/DSC_5507.JPG,7,M2
/home/vault/iwfa/iwfa018h/FAPS/electricMotor/M2/Side/M2_MS_2X/DSC_5150.JPG,/home/vault/iwfa/iwfa018h/FAPS/electricMotor/M2/Top/M2_MS_2X/DSC_5467.JPG,6,M2
/home/vault/iwfa/iwfa018h/FAPS/electricMotor/M2/Side/M2_MS_2I/DSC_5107.JPG,/home/vault/iwfa/iwfa018h/FAPS/electricMotor/M2/Top/M2_MS_2I/DSC_5447.JPG,5,M2
/home/vault/iwfa/iwfa018h/FAPS/electricMotor/L2/Side/L2_MS_3/DSC_4799.JPG,/home/vault/iwfa/iwfa018h/FAPS/electricMotor/L2/Top/L2_MS_3/DSC_6005.JPG,7,L2
/home/vault/iwfa/iwfa018h/FAPS/electricMotor/M2/Side/M2_NS_4/DSC_4150.JPG,/home/vault/iwfa/iwfa018h/FAPS/electricMotor/M2/Top/M2_NS_4/DSC_5590.JPG,13,M2
/home/vault/iwfa/iwfa018h/FAPS/electricMotor/M2/Side/M2_MS_3/DSC_5064.JPG,/home/vault/iwfa/iwfa018h/FAPS/electricMotor/M2/Top/M2_MS_3/DSC_5506.JPG,7,M2
/home/vault/iwfa/iwfa018h/FAPS/electricMotor/M2/Side/M2_MC_O/DSC_4425.JPG,/home/vault/iwfa/iwfa018h/FAPS/electricMotor/M2/Top/M2_MC_O/DSC_5776.JPG,2,M2
/home/vault/iwfa/iwfa018h/FAPS/electricMotor/M2/Side/M2_C/DSC_4976.JPG,/home/vault/iwfa/iwfa018h/FAPS/electricMotor/M2/Top/M2_C/DSC_5274.JPG,0,M2
/home/vault/iwfa/iwfa018h/FAPS/electricMotor/M2/Side/M2_MC_U/DSC_4381.JPG,/home/vault/iwfa/iwfa018h/FAPS/electricMotor/M2/Top/M2_MC_U/DSC_5815.JPG,3,M2
/home/vault/iwfa/iwfa018h/FAPS/electricMotor/L2/Side/L2_C/DSC_4669.JPG,/home/vault/iwfa/iwfa018h/FAPS/electricMotor/L2/Top/L2_C/DSC_5406.JPG,0,L2
/home/vault/iwfa/iwfa018h/FAPS/electricMotor/L2/Side/L2_MS_1/DSC_4695.JPG,/home/vault/iwfa/iwfa018h/FAPS/electricMotor/L2/Top/L2_MS_1/DSC_5907.JPG,4,L2
/home/vault/iwfa/iwfa018h/FAPS/electricMotor/L2/Side/L2_MS_2X/DSC_4755.JPG,/home/vault/iwfa/iwfa018h/FAPS/electricMotor/L2/Top/L2_MS_2X/DSC_5958.JPG,6,L2
/home/vault/iwfa/iwfa018h/FAPS/electricMotor/L2/Side/L2_MS_3/DSC_4804.JPG,/home/vault/iwfa/iwfa018h/FAPS/electricMotor/L2/Top/L2_MS_3/DSC_5990.JPG,7,L2
/home/vault/iwfa/iwfa018h/FAPS/electricMotor/M2/Side/M2_MS_1/DSC_5189.JPG,/home/vault/iwfa/iwfa018h/FAPS/electricMotor/M2/Top/M2_MS_1/DSC_5211.JPG,4,M2
/home/vault/iwfa/iwfa018h/FAPS/electricMotor/L2/Side/L2_NS_3/DSC_4504.JPG,/home/vault/iwfa/iwfa018h/FAPS/electricMotor/L2/Top/L2_NS_3/DSC_6130.JPG,12,L2
/home/vault/iwfa/iwfa018h/FAPS/electricMotor/L2/Side/L2_MS_3/DSC_4797.JPG,/home/vault/iwfa/iwfa018h/FAPS/electricMotor/L2/Top/L2_MS_3/DSC_6007.JPG,7,L2
/home/vault/iwfa/iwfa018h/FAPS/electricMotor/L2/Side/L2_MS_4/DSC_4845.JPG,/home/vault/iwfa/iwfa018h/FAPS/electricMotor/L2/Top/L2_MS_4/DSC_6031.JPG,8,L2
/home/vault/iwfa/iwfa018h/FAPS/electricMotor/L2/Side/L2_NS_4/DSC_4481.JPG,/home/vault/iwfa/iwfa018h/FAPS/electricMotor/L2/Top/L2_NS_4/DSC_6077.JPG,13,L2
/home/vault/iwfa/iwfa018h/FAPS/electricMotor/M2/Side/M2_MC_2/DSC_4359.JPG,/home/vault/iwfa/iwfa018h/FAPS/electricMotor/M2/Top/M2_MC_2/DSC_5841.JPG,1,M2
/home/vault/iwfa/iwfa018h/FAPS/electricMotor/M2/Side/M2_MS_4/DSC_5032.JPG,/home/vault/iwfa/iwfa018h/FAPS/electricMotor/M2/Top/M2_MS_4/DSC_5572.JPG,8,M2
/home/vault/iwfa/iwfa018h/FAPS/electricMotor/M2/Side/M2_MS_2X/DSC_5136.JPG,/home/vault/iwfa/iwfa018h/FAPS/electricMotor/M2/Top/M2_MS_2X/DSC_5480.JPG,6,M2
/home/vault/iwfa/iwfa018h/FAPS/electricMotor/L2/Side/L2_MC_2/DSC_4951.JPG,/home/vault/iwfa/iwfa018h/FAPS/electricMotor/L2/Top/L2_MC_2/DSC_5314.JPG,1,L2
/home/vault/iwfa/iwfa018h/FAPS/electricMotor/M2/Side/M2_MC_O/DSC_4418.JPG,/home/vault/iwfa/iwfa018h/FAPS/electricMotor/M2/Top/M2_MC_O/DSC_5771.JPG,2,M2
/home/vault/iwfa/iwfa018h/FAPS/electricMotor/M2/Side/M2_MS_2I/DSC_5105.JPG,/home/vault/iwfa/iwfa018h/FAPS/electricMotor/M2/Top/M2_MS_2I/DSC_5462.JPG,5,M2
/home/vault/iwfa/iwfa018h/FAPS/electricMotor/L2/Side/L2_NS_4/DSC_4449.JPG,/home/vault/iwfa/iwfa018h/FAPS/electricMotor/L2/Top/L2_NS_4/DSC_6085.JPG,13,L2
/home/vault/iwfa/iwfa018h/FAPS/electricMotor/M2/Side/M2_C/DSC_5004.JPG,/home/vault/iwfa/iwfa018h/FAPS/electricMotor/M2/Top/M2_C/DSC_5255.JPG,0,M2
/home/vault/iwfa/iwfa018h/FAPS/electricMotor/M2/Side/M2_NS_2I/DSC_4263.JPG,/home/vault/iwfa/iwfa018h/FAPS/electricMotor/M2/Top/M2_NS_2I/DSC_5709.JPG,10,M2
/home/vault/iwfa/iwfa018h/FAPS/electricMotor/M2/Side/M2_NS_4/DSC_4175.JPG,/home/vault/iwfa/iwfa018h/FAPS/electricMotor/M2/Top/M2_NS_4/DSC_5596.JPG,13,M2
/home/vault/iwfa/iwfa018h/FAPS/electricMotor/M2/Side/M2_MS_2I/DSC_5109.JPG,/home/vault/iwfa/iwfa018h/FAPS/electricMotor/M2/Top/M2_MS_2I/DSC_5438.JPG,5,M2
/home/vault/iwfa/iwfa018h/FAPS/electricMotor/M2/Side/M2_NS_2X/DSC_4229.JPG,/home/vault/iwfa/iwfa018h/FAPS/electricMotor/M2/Top/M2_NS_2X/DSC_5667.JPG,11,M2
/home/vault/iwfa/iwfa018h/FAPS/electricMotor/M2/Side/M2_MC_2/DSC_4369.JPG,/home/vault/iwfa/iwfa018h/FAPS/electricMotor/M2/Top/M2_MC_2/DSC_5873.JPG,1,M2
/home/vault/iwfa/iwfa018h/FAPS/electricMotor/L2/Side/L2_C/DSC_4644.JPG,/home/vault/iwfa/iwfa018h/FAPS/electricMotor/L2/Top/L2_C/DSC_5399.JPG,0,L2
/home/vault/iwfa/iwfa018h/FAPS/electricMotor/M2/Side/M2_NS_3/DSC_4206.JPG,/home/vault/iwfa/iwfa018h/FAPS/electricMotor/M2/Top/M2_NS_3/DSC_5646.JPG,12,M2
/home/vault/iwfa/iwfa018h/FAPS/electricMotor/L2/Side/L2_MC_O/DSC_4868.JPG,/home/vault/iwfa/iwfa018h/FAPS/electricMotor/L2/Top/L2_MC_O/DSC_5386.JPG,2,L2
/home/vault/iwfa/iwfa018h/FAPS/electricMotor/M2/Side/M2_MC_O/DSC_4437.JPG,/home/vault/iwfa/iwfa018h/FAPS/electricMotor/M2/Top/M2_MC_O/DSC_5782.JPG,2,M2
/home/vault/iwfa/iwfa018h/FAPS/electricMotor/M2/Side/M2_NS_2I/DSC_4264.JPG,/home/vault/iwfa/iwfa018h/FAPS/electricMotor/M2/Top/M2_NS_2I/DSC_5707.JPG,10,M2
/home/vault/iwfa/iwfa018h/FAPS/electricMotor/M2/Side/M2_MC_2/DSC_4336.JPG,/home/vault/iwfa/iwfa018h/FAPS/electricMotor/M2/Top/M2_MC_2/DSC_5854.JPG,1,M2
/home/vault/iwfa/iwfa018h/FAPS/electricMotor/M2/Side/M2_NS_4/DSC_4161.JPG,/home/vault/iwfa/iwfa018h/FAPS/electricMotor/M2/Top/M2_NS_4/DSC_5597.JPG,13,M2
/home/vault/iwfa/iwfa018h/FAPS/electricMotor/L2/Side/L2_MC_2/DSC_4948.JPG,/home/vault/iwfa/iwfa018h/FAPS/electricMotor/L2/Top/L2_MC_2/DSC_5310.JPG,1,L2
/home/vault/iwfa/iwfa018h/FAPS/electricMotor/M2/Side/M2_NS_3/DSC_4211.JPG,/home/vault/iwfa/iwfa018h/FAPS/electricMotor/M2/Top/M2_NS_3/DSC_5639.JPG,12,M2
/home/vault/iwfa/iwfa018h/FAPS/electricMotor/L2/Side/L2_MS_1/DSC_4706.JPG,/home/vault/iwfa/iwfa018h/FAPS/electricMotor/L2/Top/L2_MS_1/DSC_5878.JPG,4,L2
/home/vault/iwfa/iwfa018h/FAPS/electricMotor/M2/Side/M2_C/DSC_4991.JPG,/home/vault/iwfa/iwfa018h/FAPS/electricMotor/M2/Top/M2_C/DSC_5273.JPG,0,M2
/home/vault/iwfa/iwfa018h/FAPS/electricMotor/L2/Side/L2_NS_2X/DSC_4533.JPG,/home/vault/iwfa/iwfa018h/FAPS/electricMotor/L2/Top/L2_NS_2X/DSC_6138.JPG,11,L2
/home/vault/iwfa/iwfa018h/FAPS/electricMotor/L2/Side/L2_C/DSC_4654.JPG,/home/vault/iwfa/iwfa018h/FAPS/electricMotor/L2/Top/L2_C/DSC_5403.JPG,0,L2
/home/vault/iwfa/iwfa018h/FAPS/electricMotor/M2/Side/M2_MC_O/DSC_4430.JPG,/home/vault/iwfa/iwfa018h/FAPS/electricMotor/M2/Top/M2_MC_O/DSC_5773.JPG,2,M2
/home/vault/iwfa/iwfa018h/FAPS/electricMotor/M2/Side/M2_NS_4/DSC_4145.JPG,/home/vault/iwfa/iwfa018h/FAPS/electricMotor/M2/Top/M2_NS_4/DSC_5614.JPG,13,M2
/home/vault/iwfa/iwfa018h/FAPS/electricMotor/M2/Side/M2_MS_2X/DSC_5155.JPG,/home/vault/iwfa/iwfa018h/FAPS/electricMotor/M2/Top/M2_MS_2X/DSC_5470.JPG,6,M2
/home/vault/iwfa/iwfa018h/FAPS/electricMotor/M2/Side/M2_NS_2X/DSC_4244.JPG,/home/vault/iwfa/iwfa018h/FAPS/electricMotor/M2/Top/M2_NS_2X/DSC_5663.JPG,11,M2
/home/vault/iwfa/iwfa018h/FAPS/electricMotor/M2/Side/M2_MS_4/DSC_5045.JPG,/home/vault/iwfa/iwfa018h/FAPS/electricMotor/M2/Top/M2_MS_4/DSC_5576.JPG,8,M2
/home/vault/iwfa/iwfa018h/FAPS/electricMotor/L2/Side/L2_MS_2X/DSC_4781.JPG,/home/vault/iwfa/iwfa018h/FAPS/electricMotor/L2/Top/L2_MS_2X/DSC_5955.JPG,6,L2
/home/vault/iwfa/iwfa018h/FAPS/electricMotor/L2/Side/L2_NS_2X/DSC_4529.JPG,/home/vault/iwfa/iwfa018h/FAPS/electricMotor/L2/Top/L2_NS_2X/DSC_6157.JPG,11,L2
/home/vault/iwfa/iwfa018h/FAPS/electricMotor/L2/Side/L2_MC_U/DSC_4904.JPG,/home/vault/iwfa/iwfa018h/FAPS/electricMotor/L2/Top/L2_MC_U/DSC_5323.JPG,3,L2
/home/vault/iwfa/iwfa018h/FAPS/electricMotor/M2/Side/M2_NS_3/DSC_4218.JPG,/home/vault/iwfa/iwfa018h/FAPS/electricMotor/M2/Top/M2_NS_3/DSC_5625.JPG,12,M2
/home/vault/iwfa/iwfa018h/FAPS/electricMotor/L2/Side/L2_NS_3/DSC_4521.JPG,/home/vault/iwfa/iwfa018h/FAPS/electricMotor/L2/Top/L2_NS_3/DSC_6122.JPG,12,L2
/home/vault/iwfa/iwfa018h/FAPS/electricMotor/M2/Side/M2_MC_U/DSC_4378.JPG,/home/vault/iwfa/iwfa018h/FAPS/electricMotor/M2/Top/M2_MC_U/DSC_5816.JPG,3,M2
/home/vault/iwfa/iwfa018h/FAPS/electricMotor/L2/Side/L2_NS_4/DSC_4484.JPG,/home/vault/iwfa/iwfa018h/FAPS/electricMotor/L2/Top/L2_NS_4/DSC_6091.JPG,13,L2
/home/vault/iwfa/iwfa018h/FAPS/electricMotor/L2/Side/L2_MC_2/DSC_4950.JPG,/home/vault/iwfa/iwfa018h/FAPS/electricMotor/L2/Top/L2_MC_2/DSC_5289.JPG,1,L2
/home/vault/iwfa/iwfa018h/FAPS/electricMotor/L2/Side/L2_NS_3/DSC_4505.JPG,/home/vault/iwfa/iwfa018h/FAPS/electricMotor/L2/Top/L2_NS_3/DSC_6109.JPG,12,L2
/home/vault/iwfa/iwfa018h/FAPS/electricMotor/L2/Side/L2_NS_2X/DSC_4541.JPG,/home/vault/iwfa/iwfa018h/FAPS/electricMotor/L2/Top/L2_NS_2X/DSC_6171.JPG,11,L2
/home/vault/iwfa/iwfa018h/FAPS/electricMotor/M2/Side/M2_NS_2X/DSC_4228.JPG,/home/vault/iwfa/iwfa018h/FAPS/electricMotor/M2/Top/M2_NS_2X/DSC_5671.JPG,11,M2
/home/vault/iwfa/iwfa018h/FAPS/electricMotor/L2/Side/L2_MS_2I/DSC_4727.JPG,/home/vault/iwfa/iwfa018h/FAPS/electricMotor/L2/Top/L2_MS_2I/DSC_5924.JPG,5,L2
/home/vault/iwfa/iwfa018h/FAPS/electricMotor/L2/Side/L2_MS_2X/DSC_4768.JPG,/home/vault/iwfa/iwfa018h/FAPS/electricMotor/L2/Top/L2_MS_2X/DSC_5954.JPG,6,L2
/home/vault/iwfa/iwfa018h/FAPS/electricMotor/M2/Side/M2_C/DSC_5000.JPG,/home/vault/iwfa/iwfa018h/FAPS/electricMotor/M2/Top/M2_C/DSC_5270.JPG,0,M2
/home/vault/iwfa/iwfa018h/FAPS/electricMotor/M2/Side/M2_NS_2X/DSC_4245.JPG,/home/vault/iwfa/iwfa018h/FAPS/electricMotor/M2/Top/M2_NS_2X/DSC_5657.JPG,11,M2
/home/vault/iwfa/iwfa018h/FAPS/electricMotor/L2/Side/L2_NS_2I/DSC_4573.JPG,/home/vault/iwfa/iwfa018h/FAPS/electricMotor/L2/Top/L2_NS_2I/DSC_6185.JPG,10,L2
/home/vault/iwfa/iwfa018h/FAPS/electricMotor/M2/Side/M2_NS_1/DSC_4305.JPG,/home/vault/iwfa/iwfa018h/FAPS/electricMotor/M2/Top/M2_NS_1/DSC_5738.JPG,9,M2
/home/vault/iwfa/iwfa018h/FAPS/electricMotor/L2/Side/L2_MS_1/DSC_4704.JPG,/home/vault/iwfa/iwfa018h/FAPS/electricMotor/L2/Top/L2_MS_1/DSC_5889.JPG,4,L2
/home/vault/iwfa/iwfa018h/FAPS/electricMotor/M2/Side/M2_MC_O/DSC_4445.JPG,/home/vault/iwfa/iwfa018h/FAPS/electricMotor/M2/Top/M2_MC_O/DSC_5772.JPG,2,M2
/home/vault/iwfa/iwfa018h/FAPS/electricMotor/L2/Side/L2_NS_4/DSC_4470.JPG,/home/vault/iwfa/iwfa018h/FAPS/electricMotor/L2/Top/L2_NS_4/DSC_6090.JPG,13,L2
/home/vault/iwfa/iwfa018h/FAPS/electricMotor/M2/Side/M2_MS_3/DSC_5065.JPG,/home/vault/iwfa/iwfa018h/FAPS/electricMotor/M2/Top/M2_MS_3/DSC_5509.JPG,7,M2
/home/vault/iwfa/iwfa018h/FAPS/electricMotor/L2/Side/L2_NS_2I/DSC_4577.JPG,/home/vault/iwfa/iwfa018h/FAPS/electricMotor/L2/Top/L2_NS_2I/DSC_6181.JPG,10,L2
/home/vault/iwfa/iwfa018h/FAPS/electricMotor/L2/Side/L2_NS_4/DSC_4471.JPG,/home/vault/iwfa/iwfa018h/FAPS/electricMotor/L2/Top/L2_NS_4/DSC_6087.JPG,13,L2
/home/vault/iwfa/iwfa018h/FAPS/electricMotor/M2/Side/M2_NS_1/DSC_4320.JPG,/home/vault/iwfa/iwfa018h/FAPS/electricMotor/M2/Top/M2_NS_1/DSC_5735.JPG,9,M2
/home/vault/iwfa/iwfa018h/FAPS/electricMotor/M2/Side/M2_MC_U/DSC_4402.JPG,/home/vault/iwfa/iwfa018h/FAPS/electricMotor/M2/Top/M2_MC_U/DSC_5819.JPG,3,M2
/home/vault/iwfa/iwfa018h/FAPS/electricMotor/L2/Side/L2_NS_2X/DSC_4530.JPG,/home/vault/iwfa/iwfa018h/FAPS/electricMotor/L2/Top/L2_NS_2X/DSC_6145.JPG,11,L2
/home/vault/iwfa/iwfa018h/FAPS/electricMotor/L2/Side/L2_C/DSC_4660.JPG,/home/vault/iwfa/iwfa018h/FAPS/electricMotor/L2/Top/L2_C/DSC_5423.JPG,0,L2
/home/vault/iwfa/iwfa018h/FAPS/electricMotor/L2/Side/L2_MS_2X/DSC_4759.JPG,/home/vault/iwfa/iwfa018h/FAPS/electricMotor/L2/Top/L2_MS_2X/DSC_5978.JPG,6,L2
/home/vault/iwfa/iwfa018h/FAPS/electricMotor/L2/Side/L2_MC_U/DSC_4934.JPG,/home/vault/iwfa/iwfa018h/FAPS/electricMotor/L2/Top/L2_MC_U/DSC_5332.JPG,3,L2
/home/vault/iwfa/iwfa018h/FAPS/electricMotor/M2/Side/M2_MS_1/DSC_5202.JPG,/home/vault/iwfa/iwfa018h/FAPS/electricMotor/M2/Top/M2_MS_1/DSC_5213.JPG,4,M2
/home/vault/iwfa/iwfa018h/FAPS/electricMotor/L2/Side/L2_C/DSC_4664.JPG,/home/vault/iwfa/iwfa018h/FAPS/electricMotor/L2/Top/L2_C/DSC_5402.JPG,0,L2
/home/vault/iwfa/iwfa018h/FAPS/electricMotor/M2/Side/M2_MS_2X/DSC_5131.JPG,/home/vault/iwfa/iwfa018h/FAPS/electricMotor/M2/Top/M2_MS_2X/DSC_5469.JPG,6,M2
/home/vault/iwfa/iwfa018h/FAPS/electricMotor/M2/Side/M2_NS_1/DSC_4332.JPG,/home/vault/iwfa/iwfa018h/FAPS/electricMotor/M2/Top/M2_NS_1/DSC_5758.JPG,9,M2
/home/vault/iwfa/iwfa018h/FAPS/electricMotor/M2/Side/M2_MC_U/DSC_4380.JPG,/home/vault/iwfa/iwfa018h/FAPS/electricMotor/M2/Top/M2_MC_U/DSC_5821.JPG,3,M2
/home/vault/iwfa/iwfa018h/FAPS/electricMotor/L2/Side/L2_MS_4/DSC_4828.JPG,/home/vault/iwfa/iwfa018h/FAPS/electricMotor/L2/Top/L2_MS_4/DSC_6048.JPG,8,L2
/home/vault/iwfa/iwfa018h/FAPS/electricMotor/L2/Side/L2_MS_2X/DSC_4751.JPG,/home/vault/iwfa/iwfa018h/FAPS/electricMotor/L2/Top/L2_MS_2X/DSC_5974.JPG,6,L2
/home/vault/iwfa/iwfa018h/FAPS/electricMotor/M2/Side/M2_MS_4/DSC_5024.JPG,/home/vault/iwfa/iwfa018h/FAPS/electricMotor/M2/Top/M2_MS_4/DSC_5557.JPG,8,M2
/home/vault/iwfa/iwfa018h/FAPS/electricMotor/M2/Side/M2_NS_2X/DSC_4240.JPG,/home/vault/iwfa/iwfa018h/FAPS/electricMotor/M2/Top/M2_NS_2X/DSC_5673.JPG,11,M2
/home/vault/iwfa/iwfa018h/FAPS/electricMotor/M2/Side/M2_NS_4/DSC_4143.JPG,/home/vault/iwfa/iwfa018h/FAPS/electricMotor/M2/Top/M2_NS_4/DSC_5600.JPG,13,M2
/home/vault/iwfa/iwfa018h/FAPS/electricMotor/M2/Side/M2_NS_2I/DSC_4283.JPG,/home/vault/iwfa/iwfa018h/FAPS/electricMotor/M2/Top/M2_NS_2I/DSC_5700.JPG,10,M2
/home/vault/iwfa/iwfa018h/FAPS/electricMotor/M2/Side/M2_MC_O/DSC_4442.JPG,/home/vault/iwfa/iwfa018h/FAPS/electricMotor/M2/Top/M2_MC_O/DSC_5774.JPG,2,M2
/home/vault/iwfa/iwfa018h/FAPS/electricMotor/L2/Side/L2_NS_1/DSC_4606.JPG,/home/vault/iwfa/iwfa018h/FAPS/electricMotor/L2/Top/L2_NS_1/DSC_6221.JPG,9,L2
/home/vault/iwfa/iwfa018h/FAPS/electricMotor/M2/Side/M2_NS_2X/DSC_4247.JPG,/home/vault/iwfa/iwfa018h/FAPS/electricMotor/M2/Top/M2_NS_2X/DSC_5687.JPG,11,M2
/home/vault/iwfa/iwfa018h/FAPS/electricMotor/L2/Side/L2_MS_4/DSC_4858.JPG,/home/vault/iwfa/iwfa018h/FAPS/electricMotor/L2/Top/L2_MS_4/DSC_6061.JPG,8,L2
/home/vault/iwfa/iwfa018h/FAPS/electricMotor/L2/Side/L2_NS_1/DSC_4608.JPG,/home/vault/iwfa/iwfa018h/FAPS/electricMotor/L2/Top/L2_NS_1/DSC_6225.JPG,9,L2
/home/vault/iwfa/iwfa018h/FAPS/electricMotor/L2/Side/L2_MC_U/DSC_4924.JPG,/home/vault/iwfa/iwfa018h/FAPS/electricMotor/L2/Top/L2_MC_U/DSC_5341.JPG,3,L2
/home/vault/iwfa/iwfa018h/FAPS/electricMotor/M2/Side/M2_NS_3/DSC_4197.JPG,/home/vault/iwfa/iwfa018h/FAPS/electricMotor/M2/Top/M2_NS_3/DSC_5632.JPG,12,M2
/home/vault/iwfa/iwfa018h/FAPS/electricMotor/M2/Side/M2_MS_2I/DSC_5121.JPG,/home/vault/iwfa/iwfa018h/FAPS/electricMotor/M2/Top/M2_MS_2I/DSC_5432.JPG,5,M2
/home/vault/iwfa/iwfa018h/FAPS/electricMotor/M2/Side/M2_NS_2I/DSC_4269.JPG,/home/vault/iwfa/iwfa018h/FAPS/electricMotor/M2/Top/M2_NS_2I/DSC_5696.JPG,10,M2
/home/vault/iwfa/iwfa018h/FAPS/electricMotor/L2/Side/L2_MC_O/DSC_4895.JPG,/home/vault/iwfa/iwfa018h/FAPS/electricMotor/L2/Top/L2_MC_O/DSC_5377.JPG,2,L2
/home/vault/iwfa/iwfa018h/FAPS/electricMotor/L2/Side/L2_MS_4/DSC_4837.JPG,/home/vault/iwfa/iwfa018h/FAPS/electricMotor/L2/Top/L2_MS_4/DSC_6036.JPG,8,L2
/home/vault/iwfa/iwfa018h/FAPS/electricMotor/M2/Side/M2_NS_1/DSC_4299.JPG,/home/vault/iwfa/iwfa018h/FAPS/electricMotor/M2/Top/M2_NS_1/DSC_5734.JPG,9,M2
/home/vault/iwfa/iwfa018h/FAPS/electricMotor/L2/Side/L2_MC_U/DSC_4912.JPG,/home/vault/iwfa/iwfa018h/FAPS/electricMotor/L2/Top/L2_MC_U/DSC_5347.JPG,3,L2
/home/vault/iwfa/iwfa018h/FAPS/electricMotor/L2/Side/L2_MS_1/DSC_4702.JPG,/home/vault/iwfa/iwfa018h/FAPS/electricMotor/L2/Top/L2_MS_1/DSC_5895.JPG,4,L2
/home/vault/iwfa/iwfa018h/FAPS/electricMotor/M2/Side/M2_MC_2/DSC_4354.JPG,/home/vault/iwfa/iwfa018h/FAPS/electricMotor/M2/Top/M2_MC_2/DSC_5860.JPG,1,M2
/home/vault/iwfa/iwfa018h/FAPS/electricMotor/M2/Side/M2_MC_U/DSC_4389.JPG,/home/vault/iwfa/iwfa018h/FAPS/electricMotor/M2/Top/M2_MC_U/DSC_5823.JPG,3,M2
/home/vault/iwfa/iwfa018h/FAPS/electricMotor/L2/Side/L2_NS_4/DSC_4468.JPG,/home/vault/iwfa/iwfa018h/FAPS/electricMotor/L2/Top/L2_NS_4/DSC_6083.JPG,13,L2
/home/vault/iwfa/iwfa018h/FAPS/electricMotor/L2/Side/L2_NS_1/DSC_4600.JPG,/home/vault/iwfa/iwfa018h/FAPS/electricMotor/L2/Top/L2_NS_1/DSC_6237.JPG,9,L2
/home/vault/iwfa/iwfa018h/FAPS/electricMotor/L2/Side/L2_NS_2X/DSC_4537.JPG,/home/vault/iwfa/iwfa018h/FAPS/electricMotor/L2/Top/L2_NS_2X/DSC_6153.JPG,11,L2
/home/vault/iwfa/iwfa018h/FAPS/electricMotor/L2/Side/L2_NS_3/DSC_4496.JPG,/home/vault/iwfa/iwfa018h/FAPS/electricMotor/L2/Top/L2_NS_3/DSC_6123.JPG,12,L2
/home/vault/iwfa/iwfa018h/FAPS/electricMotor/M2/Side/M2_C/DSC_5007.JPG,/home/vault/iwfa/iwfa018h/FAPS/electricMotor/M2/Top/M2_C/DSC_5247.JPG,0,M2
/home/vault/iwfa/iwfa018h/FAPS/electricMotor/M2/Side/M2_MS_2X/DSC_5137.JPG,/home/vault/iwfa/iwfa018h/FAPS/electricMotor/M2/Top/M2_MS_2X/DSC_5493.JPG,6,M2
/home/vault/iwfa/iwfa018h/FAPS/electricMotor/M2/Side/M2_MC_O/DSC_4413.JPG,/home/vault/iwfa/iwfa018h/FAPS/electricMotor/M2/Top/M2_MC_O/DSC_5777.JPG,2,M2
/home/vault/iwfa/iwfa018h/FAPS/electricMotor/L2/Side/L2_MS_4/DSC_4827.JPG,/home/vault/iwfa/iwfa018h/FAPS/electricMotor/L2/Top/L2_MS_4/DSC_6054.JPG,8,L2
/home/vault/iwfa/iwfa018h/FAPS/electricMotor/M2/Side/M2_MC_U/DSC_4399.JPG,/home/vault/iwfa/iwfa018h/FAPS/electricMotor/M2/Top/M2_MC_U/DSC_5824.JPG,3,M2
/home/vault/iwfa/iwfa018h/FAPS/electricMotor/L2/Side/L2_MS_2I/DSC_4722.JPG,/home/vault/iwfa/iwfa018h/FAPS/electricMotor/L2/Top/L2_MS_2I/DSC_5931.JPG,5,L2
/home/vault/iwfa/iwfa018h/FAPS/electricMotor/M2/Side/M2_NS_1/DSC_4324.JPG,/home/vault/iwfa/iwfa018h/FAPS/electricMotor/M2/Top/M2_NS_1/DSC_5753.JPG,9,M2
/home/vault/iwfa/iwfa018h/FAPS/electricMotor/M2/Side/M2_MS_2X/DSC_5133.JPG,/home/vault/iwfa/iwfa018h/FAPS/electricMotor/M2/Top/M2_MS_2X/DSC_5497.JPG,6,M2
/home/vault/iwfa/iwfa018h/FAPS/electricMotor/M2/Side/M2_MS_2I/DSC_5116.JPG,/home/vault/iwfa/iwfa018h/FAPS/electricMotor/M2/Top/M2_MS_2I/DSC_5451.JPG,5,M2
/home/vault/iwfa/iwfa018h/FAPS/electricMotor/M2/Side/M2_MC_U/DSC_4373.JPG,/home/vault/iwfa/iwfa018h/FAPS/electricMotor/M2/Top/M2_MC_U/DSC_5810.JPG,3,M2
/home/vault/iwfa/iwfa018h/FAPS/electricMotor/M2/Side/M2_MS_2X/DSC_5130.JPG,/home/vault/iwfa/iwfa018h/FAPS/electricMotor/M2/Top/M2_MS_2X/DSC_5489.JPG,6,M2
/home/vault/iwfa/iwfa018h/FAPS/electricMotor/L2/Side/L2_MC_O/DSC_4894.JPG,/home/vault/iwfa/iwfa018h/FAPS/electricMotor/L2/Top/L2_MC_O/DSC_5380.JPG,2,L2
/home/vault/iwfa/iwfa018h/FAPS/electricMotor/L2/Side/L2_MS_3/DSC_4790.JPG,/home/vault/iwfa/iwfa018h/FAPS/electricMotor/L2/Top/L2_MS_3/DSC_6023.JPG,7,L2
/home/vault/iwfa/iwfa018h/FAPS/electricMotor/M2/Side/M2_NS_4/DSC_4178.JPG,/home/vault/iwfa/iwfa018h/FAPS/electricMotor/M2/Top/M2_NS_4/DSC_5585.JPG,13,M2
/home/vault/iwfa/iwfa018h/FAPS/electricMotor/M2/Side/M2_MC_2/DSC_4341.JPG,/home/vault/iwfa/iwfa018h/FAPS/electricMotor/M2/Top/M2_MC_2/DSC_5857.JPG,1,M2
/home/vault/iwfa/iwfa018h/FAPS/electricMotor/M2/Side/M2_MS_4/DSC_5033.JPG,/home/vault/iwfa/iwfa018h/FAPS/electricMotor/M2/Top/M2_MS_4/DSC_5575.JPG,8,M2
/home/vault/iwfa/iwfa018h/FAPS/electricMotor/L2/Side/L2_MS_4/DSC_4853.JPG,/home/vault/iwfa/iwfa018h/FAPS/electricMotor/L2/Top/L2_MS_4/DSC_6056.JPG,8,L2
/home/vault/iwfa/iwfa018h/FAPS/electricMotor/L2/Side/L2_C/DSC_4647.JPG,/home/vault/iwfa/iwfa018h/FAPS/electricMotor/L2/Top/L2_C/DSC_5395.JPG,0,L2
/home/vault/iwfa/iwfa018h/FAPS/electricMotor/L2/Side/L2_MC_U/DSC_4929.JPG,/home/vault/iwfa/iwfa018h/FAPS/electricMotor/L2/Top/L2_MC_U/DSC_5319.JPG,3,L2
/home/vault/iwfa/iwfa018h/FAPS/electricMotor/M2/Side/M2_MS_1/DSC_5193.JPG,/home/vault/iwfa/iwfa018h/FAPS/electricMotor/M2/Top/M2_MS_1/DSC_5226.JPG,4,M2
/home/vault/iwfa/iwfa018h/FAPS/electricMotor/M2/Side/M2_C/DSC_5002.JPG,/home/vault/iwfa/iwfa018h/FAPS/electricMotor/M2/Top/M2_C/DSC_5248.JPG,0,M2
/home/vault/iwfa/iwfa018h/FAPS/electricMotor/L2/Side/L2_MC_O/DSC_4896.JPG,/home/vault/iwfa/iwfa018h/FAPS/electricMotor/L2/Top/L2_MC_O/DSC_5371.JPG,2,L2
/home/vault/iwfa/iwfa018h/FAPS/electricMotor/M2/Side/M2_MS_3/DSC_5075.JPG,/home/vault/iwfa/iwfa018h/FAPS/electricMotor/M2/Top/M2_MS_3/DSC_5522.JPG,7,M2
/home/vault/iwfa/iwfa018h/FAPS/electricMotor/L2/Side/L2_NS_2I/DSC_4592.JPG,/home/vault/iwfa/iwfa018h/FAPS/electricMotor/L2/Top/L2_NS_2I/DSC_6180.JPG,10,L2
/home/vault/iwfa/iwfa018h/FAPS/electricMotor/L2/Side/L2_MS_4/DSC_4856.JPG,/home/vault/iwfa/iwfa018h/FAPS/electricMotor/L2/Top/L2_MS_4/DSC_6039.JPG,8,L2
/home/vault/iwfa/iwfa018h/FAPS/electricMotor/M2/Side/M2_MS_1/DSC_5178.JPG,/home/vault/iwfa/iwfa018h/FAPS/electricMotor/M2/Top/M2_MS_1/DSC_5228.JPG,4,M2
/home/vault/iwfa/iwfa018h/FAPS/electricMotor/L2/Side/L2_C/DSC_4671.JPG,/home/vault/iwfa/iwfa018h/FAPS/electricMotor/L2/Top/L2_C/DSC_5393.JPG,0,L2
/home/vault/iwfa/iwfa018h/FAPS/electricMotor/M2/Side/M2_NS_4/DSC_4155.JPG,/home/vault/iwfa/iwfa018h/FAPS/electricMotor/M2/Top/M2_NS_4/DSC_5599.JPG,13,M2
/home/vault/iwfa/iwfa018h/FAPS/electricMotor/L2/Side/L2_MS_3/DSC_4819.JPG,/home/vault/iwfa/iwfa018h/FAPS/electricMotor/L2/Top/L2_MS_3/DSC_5999.JPG,7,L2
/home/vault/iwfa/iwfa018h/FAPS/electricMotor/M2/Side/M2_C/DSC_4975.JPG,/home/vault/iwfa/iwfa018h/FAPS/electricMotor/M2/Top/M2_C/DSC_5275.JPG,0,M2
/home/vault/iwfa/iwfa018h/FAPS/electricMotor/L2/Side/L2_MS_3/DSC_4807.JPG,/home/vault/iwfa/iwfa018h/FAPS/electricMotor/L2/Top/L2_MS_3/DSC_6012.JPG,7,L2
/home/vault/iwfa/iwfa018h/FAPS/electricMotor/L2/Side/L2_NS_2X/DSC_4526.JPG,/home/vault/iwfa/iwfa018h/FAPS/electricMotor/L2/Top/L2_NS_2X/DSC_6142.JPG,11,L2
/home/vault/iwfa/iwfa018h/FAPS/electricMotor/L2/Side/L2_NS_1/DSC_4619.JPG,/home/vault/iwfa/iwfa018h/FAPS/electricMotor/L2/Top/L2_NS_1/DSC_6215.JPG,9,L2
/home/vault/iwfa/iwfa018h/FAPS/electricMotor/L2/Side/L2_MS_4/DSC_4840.JPG,/home/vault/iwfa/iwfa018h/FAPS/electricMotor/L2/Top/L2_MS_4/DSC_6045.JPG,8,L2
/home/vault/iwfa/iwfa018h/FAPS/electricMotor/L2/Side/L2_MS_1/DSC_4687.JPG,/home/vault/iwfa/iwfa018h/FAPS/electricMotor/L2/Top/L2_MS_1/DSC_5891.JPG,4,L2
/home/vault/iwfa/iwfa018h/FAPS/electricMotor/L2/Side/L2_MC_O/DSC_4874.JPG,/home/vault/iwfa/iwfa018h/FAPS/electricMotor/L2/Top/L2_MC_O/DSC_5385.JPG,2,L2
/home/vault/iwfa/iwfa018h/FAPS/electricMotor/L2/Side/L2_NS_4/DSC_4452.JPG,/home/vault/iwfa/iwfa018h/FAPS/electricMotor/L2/Top/L2_NS_4/DSC_6081.JPG,13,L2
/home/vault/iwfa/iwfa018h/FAPS/electricMotor/L2/Side/L2_MS_1/DSC_4681.JPG,/home/vault/iwfa/iwfa018h/FAPS/electricMotor/L2/Top/L2_MS_1/DSC_5882.JPG,4,L2
/home/vault/iwfa/iwfa018h/FAPS/electricMotor/L2/Side/L2_MS_4/DSC_4831.JPG,/home/vault/iwfa/iwfa018h/FAPS/electricMotor/L2/Top/L2_MS_4/DSC_6060.JPG,8,L2
/home/vault/iwfa/iwfa018h/FAPS/electricMotor/L2/Side/L2_C/DSC_4656.JPG,/home/vault/iwfa/iwfa018h/FAPS/electricMotor/L2/Top/L2_C/DSC_5425.JPG,0,L2
/home/vault/iwfa/iwfa018h/FAPS/electricMotor/L2/Side/L2_MS_1/DSC_4676.JPG,/home/vault/iwfa/iwfa018h/FAPS/electricMotor/L2/Top/L2_MS_1/DSC_5892.JPG,4,L2
/home/vault/iwfa/iwfa018h/FAPS/electricMotor/M2/Side/M2_NS_1/DSC_4301.JPG,/home/vault/iwfa/iwfa018h/FAPS/electricMotor/M2/Top/M2_NS_1/DSC_5740.JPG,9,M2
/home/vault/iwfa/iwfa018h/FAPS/electricMotor/L2/Side/L2_MS_2I/DSC_4736.JPG,/home/vault/iwfa/iwfa018h/FAPS/electricMotor/L2/Top/L2_MS_2I/DSC_5937.JPG,5,L2
/home/vault/iwfa/iwfa018h/FAPS/electricMotor/L2/Side/L2_NS_2X/DSC_4528.JPG,/home/vault/iwfa/iwfa018h/FAPS/electricMotor/L2/Top/L2_NS_2X/DSC_6163.JPG,11,L2
/home/vault/iwfa/iwfa018h/FAPS/electricMotor/M2/Side/M2_MS_4/DSC_5031.JPG,/home/vault/iwfa/iwfa018h/FAPS/electricMotor/M2/Top/M2_MS_4/DSC_5567.JPG,8,M2
/home/vault/iwfa/iwfa018h/FAPS/electricMotor/L2/Side/L2_MS_2I/DSC_4748.JPG,/home/vault/iwfa/iwfa018h/FAPS/electricMotor/L2/Top/L2_MS_2I/DSC_5943.JPG,5,L2
/home/vault/iwfa/iwfa018h/FAPS/electricMotor/L2/Side/L2_C/DSC_4662.JPG,/home/vault/iwfa/iwfa018h/FAPS/electricMotor/L2/Top/L2_C/DSC_5409.JPG,0,L2
/home/vault/iwfa/iwfa018h/FAPS/electricMotor/L2/Side/L2_NS_2I/DSC_4585.JPG,/home/vault/iwfa/iwfa018h/FAPS/electricMotor/L2/Top/L2_NS_2I/DSC_6207.JPG,10,L2
/home/vault/iwfa/iwfa018h/FAPS/electricMotor/L2/Side/L2_MC_U/DSC_4901.JPG,/home/vault/iwfa/iwfa018h/FAPS/electricMotor/L2/Top/L2_MC_U/DSC_5337.JPG,3,L2
/home/vault/iwfa/iwfa018h/FAPS/electricMotor/M2/Side/M2_MS_2X/DSC_5154.JPG,/home/vault/iwfa/iwfa018h/FAPS/electricMotor/M2/Top/M2_MS_2X/DSC_5484.JPG,6,M2
/home/vault/iwfa/iwfa018h/FAPS/electricMotor/M2/Side/M2_NS_2X/DSC_4226.JPG,/home/vault/iwfa/iwfa018h/FAPS/electricMotor/M2/Top/M2_NS_2X/DSC_5682.JPG,11,M2
/home/vault/iwfa/iwfa018h/FAPS/electricMotor/L2/Side/L2_MC_U/DSC_4913.JPG,/home/vault/iwfa/iwfa018h/FAPS/electricMotor/L2/Top/L2_MC_U/DSC_5339.JPG,3,L2
/home/vault/iwfa/iwfa018h/FAPS/electricMotor/L2/Side/L2_NS_2X/DSC_4557.JPG,/home/vault/iwfa/iwfa018h/FAPS/electricMotor/L2/Top/L2_NS_2X/DSC_6140.JPG,11,L2
/home/vault/iwfa/iwfa018h/FAPS/electricMotor/L2/Side/L2_MC_U/DSC_4920.JPG,/home/vault/iwfa/iwfa018h/FAPS/electricMotor/L2/Top/L2_MC_U/DSC_5330.JPG,3,L2
